idEvent,strTimestamp,Round,Home Team,Home Score,Away Team,Away Score,Poster,Thumb
"2069556","2024-08-16 19:00:00","Round 1","Manchester United","1","Fulham","0","https://r2.thesportsdb.com/images/media/event/poster/r4o1h21718956037.jpg","https://r2.thesportsdb.com/images/media/event/thumb/47f0gc1718953965.jpg"
"2069557","2024-08-17 11:30:00","Round 1","Ipswich","0","Liverpool","2","https://r2.thesportsdb.com/images/media/event/poster/yskgs61718956038.jpg","https://r2.thesportsdb.com/images/media/event/thumb/koth8v1718953966.jpg"
"2069558","2024-08-17 14:00:00","Round 1","Arsenal","2","Wolves","0","https://r2.thesportsdb.com/images/media/event/poster/kdyrke1689062680.jpg","https://r2.thesportsdb.com/images/media/event/thumb/62h77g1689062522.jpg"
"2069559","2024-08-17 14:00:00","Round 1","Everton","0","Brighton","3","https://r2.thesportsdb.com/images/media/event/poster/j14mox1689062670.jpg","https://r2.thesportsdb.com/images/media/event/thumb/lpiyhl1689062508.jpg"
"2069560","2024-08-17 14:00:00","Round 1","Newcastle","1","Southampton","0","https://r2.thesportsdb.com/images/media/event/poster/t36a9l1718956038.jpg","https://r2.thesportsdb.com/images/media/event/thumb/7alenp1718953967.jpg"
"2069561","2024-08-17 14:00:00","Round 1","Nottingham Forest","1","Bournemouth","1","https://r2.thesportsdb.com/images/media/event/poster/ltojyr1689062697.jpg","https://r2.thesportsdb.com/images/media/event/thumb/7ulhso1689062542.jpg"
"2069562","2024-08-17 16:30:00","Round 1","West Ham","1","Aston Villa","2","https://r2.thesportsdb.com/images/media/event/poster/fc73wt1718956039.jpg","https://r2.thesportsdb.com/images/media/event/thumb/d6bsfc1718953967.jpg"
"2069563","2024-08-18 13:00:00","Round 1","Brentford","2","Crystal Palace","1","https://r2.thesportsdb.com/images/media/event/poster/fn5wdo1689062639.jpg","https://r2.thesportsdb.com/images/media/event/thumb/s4le1v1689062474.jpg"
"2069564","2024-08-18 15:30:00","Round 1","Chelsea","0","Manchester City","2","https://r2.thesportsdb.com/images/media/event/poster/6ayo971718956039.jpg","https://r2.thesportsdb.com/images/media/event/thumb/cqxr3j1718953968.jpg"
"2069565","2024-08-19 19:00:00","Round 1","Leicester","1","Tottenham","1","https://r2.thesportsdb.com/images/media/event/poster/faev201720160908.jpg","https://r2.thesportsdb.com/images/media/event/thumb/x4vveq1720158992.jpg"
"2069566","2024-08-24 11:30:00","Round 2","Brighton","2","Manchester United","1","https://r2.thesportsdb.com/images/media/event/poster/5yiuli1718956040.jpg","https://r2.thesportsdb.com/images/media/event/thumb/a3maed1718953969.jpg"
"2069568","2024-08-24 14:00:00","Round 2","Tottenham","4","Everton","0","https://r2.thesportsdb.com/images/media/event/poster/uqzeus1689062697.jpg","https://r2.thesportsdb.com/images/media/event/thumb/la76jy1724513303.jpg"
"2069569","2024-08-24 14:00:00","Round 2","Southampton","0","Nottingham Forest","1","https://r2.thesportsdb.com/images/media/event/poster/kybl501718956041.jpg","https://r2.thesportsdb.com/images/media/event/thumb/upb7j91718953970.jpg"
"2069570","2024-08-24 14:00:00","Round 2","Manchester City","4","Ipswich","1","https://r2.thesportsdb.com/images/media/event/poster/si44fv1718956041.jpg","https://r2.thesportsdb.com/images/media/event/thumb/45tywa1718953970.jpg"
"2069572","2024-08-24 14:00:00","Round 2","Fulham","2","Leicester","1","https://r2.thesportsdb.com/images/media/event/poster/mpwhch1720160909.jpg","https://r2.thesportsdb.com/images/media/event/thumb/nvzzx21720158993.jpg"
"2069573","2024-08-24 14:00:00","Round 2","Crystal Palace","0","West Ham","2","https://r2.thesportsdb.com/images/media/event/poster/m625bk1689062758.jpg","https://r2.thesportsdb.com/images/media/event/thumb/ab82qc1689062609.jpg"
"2069574","2024-08-24 16:30:00","Round 2","Aston Villa","0","Arsenal","2","https://r2.thesportsdb.com/images/media/event/poster/qv6s7l1718956042.jpg","https://r2.thesportsdb.com/images/media/event/thumb/jy4eli1718953971.jpg"
"2069567","2024-08-25 13:00:00","Round 2","Wolves","2","Chelsea","6","https://r2.thesportsdb.com/images/media/event/poster/ila1ty1689062698.jpg","https://r2.thesportsdb.com/images/media/event/thumb/wt0n871689062543.jpg"
"2069575","2024-08-25 13:00:00","Round 2","Bournemouth","1","Newcastle","1","https://r2.thesportsdb.com/images/media/event/poster/1zqq291689062673.jpg","https://r2.thesportsdb.com/images/media/event/thumb/7kojrm1689062512.jpg"
"2069571","2024-08-25 15:30:00","Round 2","Liverpool","2","Brentford","0","https://r2.thesportsdb.com/images/media/event/poster/qe9ozm1689062675.jpg","https://r2.thesportsdb.com/images/media/event/thumb/mwhede1689062515.jpg"
"2069583","2024-08-31 11:30:00","Round 3","Arsenal","1","Brighton","1","https://r2.thesportsdb.com/images/media/event/poster/4r96eu1689062691.jpg","https://r2.thesportsdb.com/images/media/event/thumb/24gj3r1689062535.jpg"
"2069578","2024-08-31 14:00:00","Round 3","Nottingham Forest","1","Wolves","1","https://r2.thesportsdb.com/images/media/event/poster/6rgwj11689062756.jpg","https://r2.thesportsdb.com/images/media/event/thumb/h570881689062608.jpg"
"2069581","2024-08-31 14:00:00","Round 3","Ipswich","1","Fulham","1","https://r2.thesportsdb.com/images/media/event/poster/muy9t61718956043.jpg","https://r2.thesportsdb.com/images/media/event/thumb/pm83re1718953973.jpg"
"2069582","2024-08-31 14:00:00","Round 3","Everton","2","Bournemouth","3","https://r2.thesportsdb.com/images/media/event/poster/lk9xnk1689062659.jpg","https://r2.thesportsdb.com/images/media/event/thumb/s1iyqe1689062496.jpg"
"2069584","2024-08-31 14:00:00","Round 3","Brentford","3","Southampton","1","https://r2.thesportsdb.com/images/media/event/poster/0ytbeu1718956044.jpg","https://r2.thesportsdb.com/images/media/event/thumb/463st41718953974.jpg"
"2069585","2024-08-31 14:00:00","Round 3","Leicester","1","Aston Villa","2","https://r2.thesportsdb.com/images/media/event/poster/wqfeu31720160909.jpg","https://r2.thesportsdb.com/images/media/event/thumb/i5csb91720158993.jpg"
"2069577","2024-08-31 16:30:00","Round 3","West Ham","1","Manchester City","3","https://r2.thesportsdb.com/images/media/event/poster/my934n1718956042.jpg","https://r2.thesportsdb.com/images/media/event/thumb/8kulu91718953971.jpg"
"2069576","2024-09-01 12:30:00","Round 3","Chelsea","1","Crystal Palace","1","https://r2.thesportsdb.com/images/media/event/poster/s7f3611689062701.jpg","https://r2.thesportsdb.com/images/media/event/thumb/vwcjv41689062546.jpg"
"2069579","2024-09-01 12:30:00","Round 3","Newcastle","2","Tottenham","1","https://r2.thesportsdb.com/images/media/event/poster/lano6x1689062756.jpg","https://r2.thesportsdb.com/images/media/event/thumb/l3ckkl1689062607.jpg"
"2069580","2024-09-01 15:00:00","Round 3","Manchester United","0","Liverpool","3","https://r2.thesportsdb.com/images/media/event/poster/dkjrwg1718956043.jpg","https://r2.thesportsdb.com/images/media/event/thumb/nq7wy61718953973.jpg"
"2069589","2024-09-14 11:30:00","Round 4","Southampton","0","Manchester United","3","https://r2.thesportsdb.com/images/media/event/poster/3htxh81718956045.jpg","https://r2.thesportsdb.com/images/media/event/thumb/1ipq121718953975.jpg"
"2069586","2024-09-14 14:00:00","Round 4","Liverpool","0","Nottingham Forest","1","https://r2.thesportsdb.com/images/media/event/poster/cv2xzp1689062667.jpg","https://r2.thesportsdb.com/images/media/event/thumb/bvyal81689062506.jpg"
"2069590","2024-09-14 14:00:00","Round 4","Manchester City","2","Brentford","1","https://r2.thesportsdb.com/images/media/event/poster/me42in1718956045.jpg","https://r2.thesportsdb.com/images/media/event/thumb/5pfspo1718953976.jpg"
"2069591","2024-09-14 14:00:00","Round 4","Fulham","1","West Ham","1","https://r2.thesportsdb.com/images/media/event/poster/g2oqxe1689062689.jpg","https://r2.thesportsdb.com/images/media/event/thumb/h1up771689062532.jpg"
"2069592","2024-09-14 14:00:00","Round 4","Crystal Palace","2","Leicester","2","https://r2.thesportsdb.com/images/media/event/poster/czz6y61720160910.jpg","https://r2.thesportsdb.com/images/media/event/thumb/sl8hwi1720158994.jpg"
"2069593","2024-09-14 14:00:00","Round 4","Brighton","0","Ipswich","0","https://r2.thesportsdb.com/images/media/event/poster/cq5ikn1718956046.jpg","https://r2.thesportsdb.com/images/media/event/thumb/44pyx71718953976.jpg"
"2069594","2024-09-14 16:30:00","Round 4","Aston Villa","3","Everton","2","https://r2.thesportsdb.com/images/media/event/poster/879v2h1718956046.jpg","https://r2.thesportsdb.com/images/media/event/thumb/21z2ha1718953977.jpg"
"2069595","2024-09-14 19:00:00","Round 4","Bournemouth","0","Chelsea","1","https://r2.thesportsdb.com/images/media/event/poster/anv1jr1689062646.jpg","https://r2.thesportsdb.com/images/media/event/thumb/qz7ho11689062482.jpg"
"2069588","2024-09-15 13:00:00","Round 4","Tottenham","0","Arsenal","1","https://r2.thesportsdb.com/images/media/event/poster/thrx3m1689062764.jpg","https://r2.thesportsdb.com/images/media/event/thumb/a4faq31689062616.jpg"
"2069587","2024-09-15 15:30:00","Round 4","Wolves","1","Newcastle","2","https://r2.thesportsdb.com/images/media/event/poster/dlx8io1689062668.jpg","https://r2.thesportsdb.com/images/media/event/thumb/f61gj31689062507.jpg"
"2069597","2024-09-21 11:30:00","Round 5","West Ham","0","Chelsea","3","https://r2.thesportsdb.com/images/media/event/poster/5fjivl1689062637.jpg","https://r2.thesportsdb.com/images/media/event/thumb/4b7zoc1689062472.jpg"
"2069596","2024-09-21 14:00:00","Round 5","Aston Villa","3","Wolves","1","https://r2.thesportsdb.com/images/media/event/poster/9o2ri71718956047.jpg","https://r2.thesportsdb.com/images/media/event/thumb/os8jfz1718953978.jpg"
"2069598","2024-09-21 14:00:00","Round 5","Tottenham","3","Brentford","1","https://r2.thesportsdb.com/images/media/event/poster/2bhxlx1689062712.jpg","https://r2.thesportsdb.com/images/media/event/thumb/y15l311689062558.jpg"
"2069599","2024-09-21 14:00:00","Round 5","Southampton","1","Ipswich","1","https://r2.thesportsdb.com/images/media/event/poster/sfma9t1718956047.jpg","https://r2.thesportsdb.com/images/media/event/thumb/oe8df11718953978.jpg"
"2069601","2024-09-21 14:00:00","Round 5","Leicester","1","Everton","1","https://r2.thesportsdb.com/images/media/event/poster/f7rlrl1720160911.jpg","https://r2.thesportsdb.com/images/media/event/thumb/d5h26l1720158995.jpg"
"2069602","2024-09-21 14:00:00","Round 5","Fulham","3","Newcastle","1","https://r2.thesportsdb.com/images/media/event/poster/65s8eg1689062751.jpg","https://r2.thesportsdb.com/images/media/event/thumb/bnapnr1689062601.jpg"
"2069605","2024-09-21 14:00:00","Round 5","Liverpool","3","Bournemouth","0","https://r2.thesportsdb.com/images/media/event/poster/ye4qfu1689062635.jpg","https://r2.thesportsdb.com/images/media/event/thumb/cx8dqy1689062470.jpg"
"2069603","2024-09-21 16:30:00","Round 5","Crystal Palace","0","Manchester United","0","https://r2.thesportsdb.com/images/media/event/poster/d7dao91718956049.jpg","https://r2.thesportsdb.com/images/media/event/thumb/3mwc2p1718953980.jpg"
"2069604","2024-09-22 13:00:00","Round 5","Brighton","2","Nottingham Forest","2","https://r2.thesportsdb.com/images/media/event/poster/4on0z41689062735.jpg","https://r2.thesportsdb.com/images/media/event/thumb/s4n8tv1689062584.jpg"
"2069600","2024-09-22 15:30:00","Round 5","Manchester City","2","Arsenal","2","https://r2.thesportsdb.com/images/media/event/poster/ijren81718956048.jpg","https://r2.thesportsdb.com/images/media/event/thumb/r2q6u71718953979.jpg"
"2069609","2024-09-28 11:30:00","Round 6","Newcastle","1","Manchester City","1","https://r2.thesportsdb.com/images/media/event/poster/xl8ai91718956050.jpg","https://r2.thesportsdb.com/images/media/event/thumb/5i2fla1718953981.jpg"
"2069608","2024-09-28 14:00:00","Round 6","Nottingham Forest","0","Fulham","1","https://r2.thesportsdb.com/images/media/event/poster/o40xav1689062747.jpg","https://r2.thesportsdb.com/images/media/event/thumb/6s9yyu1689062597.jpg"
"2069611","2024-09-28 14:00:00","Round 6","Everton","2","Crystal Palace","1","https://r2.thesportsdb.com/images/media/event/poster/axza4y1689062723.jpg","https://r2.thesportsdb.com/images/media/event/thumb/sstwqn1689062571.jpg"
"2069612","2024-09-28 14:00:00","Round 6","Chelsea","4","Brighton","2","https://r2.thesportsdb.com/images/media/event/poster/jvbfko1689062681.jpg","https://r2.thesportsdb.com/images/media/event/thumb/twvri51689062523.jpg"
"2069613","2024-09-28 14:00:00","Round 6","Brentford","1","West Ham","1","https://r2.thesportsdb.com/images/media/event/poster/ztk9xt1689062669.jpg","https://r2.thesportsdb.com/images/media/event/thumb/4yt5dj1689062507.jpg"
"2069614","2024-09-28 14:00:00","Round 6","Arsenal","4","Leicester","2","https://r2.thesportsdb.com/images/media/event/poster/h0mq6e1720160911.jpg","https://r2.thesportsdb.com/images/media/event/thumb/7fxawd1720158996.jpg"
"2069607","2024-09-28 16:30:00","Round 6","Wolves","1","Liverpool","2","https://r2.thesportsdb.com/images/media/event/poster/sw2f5c1689062649.jpg","https://r2.thesportsdb.com/images/media/event/thumb/z35f681689062486.jpg"
"2069606","2024-09-29 13:00:00","Round 6","Ipswich","2","Aston Villa","2","https://r2.thesportsdb.com/images/media/event/poster/7qxiq61718956049.jpg","https://r2.thesportsdb.com/images/media/event/thumb/3wvb1v1718953981.jpg"
"2069610","2024-09-29 15:30:00","Round 6","Manchester United","0","Tottenham","3","https://r2.thesportsdb.com/images/media/event/poster/r2jehd1718956050.jpg","https://r2.thesportsdb.com/images/media/event/thumb/8r97k41718953982.jpg"
"2069615","2024-09-30 19:00:00","Round 6","Bournemouth","3","Southampton","1","https://r2.thesportsdb.com/images/media/event/poster/uveui01718956051.jpg","https://r2.thesportsdb.com/images/media/event/thumb/7sww6x1718953983.jpg"
"2069621","2024-10-05 11:30:00","Round 7","Crystal Palace","0","Liverpool","1","https://r2.thesportsdb.com/images/media/event/poster/hzck4f1689062688.jpg","https://r2.thesportsdb.com/images/media/event/thumb/gczxc51689062531.jpg"
"2069616","2024-10-05 14:00:00","Round 7","Brentford","5","Wolves","3","https://r2.thesportsdb.com/images/media/event/poster/yksbsb1689062699.jpg","https://r2.thesportsdb.com/images/media/event/thumb/9xc8uq1689062544.jpg"
"2069617","2024-10-05 14:00:00","Round 7","West Ham","4","Ipswich","1","https://r2.thesportsdb.com/images/media/event/poster/gn56y61718956051.jpg","https://r2.thesportsdb.com/images/media/event/thumb/kqw1v11718953983.jpg"
"2069618","2024-10-05 14:00:00","Round 7","Manchester City","3","Fulham","2","https://r2.thesportsdb.com/images/media/event/poster/7511i31718956052.jpg","https://r2.thesportsdb.com/images/media/event/thumb/rt6mmw1718953984.jpg"
"2069619","2024-10-05 14:00:00","Round 7","Leicester","1","Bournemouth","0","https://r2.thesportsdb.com/images/media/event/poster/f8z85q1720160912.jpg","https://r2.thesportsdb.com/images/media/event/thumb/436xgc1720158996.jpg"
"2069625","2024-10-05 14:00:00","Round 7","Arsenal","3","Southampton","1","https://r2.thesportsdb.com/images/media/event/poster/57ti831718956053.jpg","https://r2.thesportsdb.com/images/media/event/thumb/skuu1j1718953986.jpg"
"2069620","2024-10-05 16:30:00","Round 7","Everton","0","Newcastle","0","https://r2.thesportsdb.com/images/media/event/poster/t4kg151689062684.jpg","https://r2.thesportsdb.com/images/media/event/thumb/tsoec71689062527.jpg"
"2069622","2024-10-06 13:00:00","Round 7","Chelsea","1","Nottingham Forest","1","https://r2.thesportsdb.com/images/media/event/poster/u15h9v1689062644.jpg","https://r2.thesportsdb.com/images/media/event/thumb/1273uq1689062479.jpg"
"2069624","2024-10-06 13:00:00","Round 7","Aston Villa","0","Manchester United","0","https://r2.thesportsdb.com/images/media/event/poster/qwonxg1718956053.jpg","https://r2.thesportsdb.com/images/media/event/thumb/46pj951718953985.jpg"
"2069623","2024-10-06 15:30:00","Round 7","Brighton","3","Tottenham","2","https://r2.thesportsdb.com/images/media/event/poster/115n9o1689062700.jpg","https://r2.thesportsdb.com/images/media/event/thumb/lmcky61689062545.jpg"
"2069634","2024-10-19 11:30:00","Round 8","Tottenham","4","West Ham","1","https://r2.thesportsdb.com/images/media/event/poster/4qnshw1689062686.jpg","https://r2.thesportsdb.com/images/media/event/thumb/uvfc4h1689062529.jpg"
"2069627","2024-10-19 14:00:00","Round 8","Fulham","1","Aston Villa","3","https://r2.thesportsdb.com/images/media/event/poster/13w7n71718956054.jpg","https://r2.thesportsdb.com/images/media/event/thumb/ql58671718953986.jpg"
"2069628","2024-10-19 14:00:00","Round 8","Ipswich","0","Everton","2","https://r2.thesportsdb.com/images/media/event/poster/0gjodd1718956054.jpg","https://r2.thesportsdb.com/images/media/event/thumb/3kjzul1718955068.jpg"
"2069630","2024-10-19 14:00:00","Round 8","Manchester United","2","Brentford","1","https://r2.thesportsdb.com/images/media/event/poster/qljvro1718956055.jpg","https://r2.thesportsdb.com/images/media/event/thumb/u199i41718955069.jpg"
"2069631","2024-10-19 14:00:00","Round 8","Newcastle","0","Brighton","1","https://r2.thesportsdb.com/images/media/event/poster/5zrdjr1689062770.jpg","https://r2.thesportsdb.com/images/media/event/thumb/bdlqft1689062624.jpg"
"2069633","2024-10-19 14:00:00","Round 8","Southampton","2","Leicester","3","https://r2.thesportsdb.com/images/media/event/poster/bopeh61720160912.jpg","https://r2.thesportsdb.com/images/media/event/thumb/q6u34m1720158997.jpg"
"2069626","2024-10-19 16:30:00","Round 8","Bournemouth","2","Arsenal","0","https://r2.thesportsdb.com/images/media/event/poster/hu272i1689062654.jpg","https://r2.thesportsdb.com/images/media/event/thumb/0xeia31689062490.jpg"
"2069635","2024-10-20 13:00:00","Round 8","Wolves","1","Manchester City","2","https://r2.thesportsdb.com/images/media/event/poster/06rycb1718956056.jpg","https://r2.thesportsdb.com/images/media/event/thumb/sajn081718955070.jpg"
"2069629","2024-10-20 15:30:00","Round 8","Liverpool","2","Chelsea","1","https://r2.thesportsdb.com/images/media/event/poster/cirzok1689062714.jpg","https://r2.thesportsdb.com/images/media/event/thumb/1nx3no1689062560.jpg"
"2069632","2024-10-21 19:00:00","Round 8","Nottingham Forest","1","Crystal Palace","0","https://r2.thesportsdb.com/images/media/event/poster/tefnyc1689062744.jpg","https://r2.thesportsdb.com/images/media/event/thumb/lo8gja1689062594.jpg"
"2069925","2024-10-25 19:00:00","Round 9","Leicester","1","Nottingham Forest","3","https://r2.thesportsdb.com/images/media/event/poster/gl0nyk1720160913.jpg","https://r2.thesportsdb.com/images/media/event/thumb/12hsf61720158998.jpg"
"2069919","2024-10-26 14:00:00","Round 9","Aston Villa","1","Bournemouth","1","https://r2.thesportsdb.com/images/media/event/poster/lokb8a1718956056.jpg","https://r2.thesportsdb.com/images/media/event/thumb/uv0x3b1718955071.jpg"
"2069920","2024-10-26 14:00:00","Round 9","Brentford","4","Ipswich","3","https://r2.thesportsdb.com/images/media/event/poster/uoyjt01718956057.jpg","https://r2.thesportsdb.com/images/media/event/thumb/cajvui1718955072.jpg"
"2069921","2024-10-26 14:00:00","Round 9","Brighton","2","Wolves","2","https://r2.thesportsdb.com/images/media/event/poster/ojwnt71689062708.jpg","https://r2.thesportsdb.com/images/media/event/thumb/ac8y3f1689062554.jpg"
"2069926","2024-10-26 14:00:00","Round 9","Manchester City","1","Southampton","0","https://r2.thesportsdb.com/images/media/event/poster/aiqu821718956058.jpg","https://r2.thesportsdb.com/images/media/event/thumb/u1jw4j1718955073.jpg"
"2069924","2024-10-26 16:30:00","Round 9","Everton","1","Fulham","1","https://r2.thesportsdb.com/images/media/event/poster/jjciar1689062631.jpg","https://r2.thesportsdb.com/images/media/event/thumb/923sp71689062465.jpg"
"2069922","2024-10-27 13:00:00","Round 9","Chelsea","2","Newcastle","1","https://r2.thesportsdb.com/images/media/event/poster/9jxu2j1689062735.jpg","https://r2.thesportsdb.com/images/media/event/thumb/ue1w3d1689062585.jpg"
"2069923","2024-10-27 13:00:00","Round 9","Crystal Palace","1","Tottenham","0","https://r2.thesportsdb.com/images/media/event/poster/4p0yov1689062667.jpg","https://r2.thesportsdb.com/images/media/event/thumb/qyusj71689062505.jpg"
"2069927","2024-10-27 13:00:00","Round 9","West Ham","2","Manchester United","1","https://r2.thesportsdb.com/images/media/event/poster/eh8z7b1718956058.jpg","https://r2.thesportsdb.com/images/media/event/thumb/vdla7j1718955074.jpg"
"2069918","2024-10-27 15:30:00","Round 9","Arsenal","2","Liverpool","2","https://r2.thesportsdb.com/images/media/event/poster/wxddey1689062715.jpg","https://r2.thesportsdb.com/images/media/event/thumb/cocbpx1689062561.jpg"
"2069933","2024-11-02 12:30:00","Round 10","Newcastle","1","Arsenal","0","https://r2.thesportsdb.com/images/media/event/poster/1b5vlz1689062671.jpg","https://r2.thesportsdb.com/images/media/event/thumb/q7pjdm1689062510.jpg"
"2069928","2024-11-02 15:00:00","Round 10","Bournemouth","2","Manchester City","1","https://r2.thesportsdb.com/images/media/event/poster/p60d441718956059.jpg","https://r2.thesportsdb.com/images/media/event/thumb/nqpdna1718955075.jpg"
"2069930","2024-11-02 15:00:00","Round 10","Ipswich","1","Leicester","1","https://r2.thesportsdb.com/images/media/event/poster/1nq8241720160913.jpg","https://r2.thesportsdb.com/images/media/event/thumb/61jew11720158998.jpg"
"2069931","2024-11-02 15:00:00","Round 10","Liverpool","2","Brighton","1","https://r2.thesportsdb.com/images/media/event/poster/bpetzk1689062743.jpg","https://r2.thesportsdb.com/images/media/event/thumb/b7lgjo1689062593.jpg"
"2069934","2024-11-02 15:00:00","Round 10","Nottingham Forest","3","West Ham","0","https://r2.thesportsdb.com/images/media/event/poster/tt3fng1689062725.jpg","https://r2.thesportsdb.com/images/media/event/thumb/ytt9os1689062573.jpg"
"2069935","2024-11-02 15:00:00","Round 10","Southampton","1","Everton","0","https://r2.thesportsdb.com/images/media/event/poster/2mdoc41718956060.jpg","https://r2.thesportsdb.com/images/media/event/thumb/glbw4u1718955077.jpg"
"2069937","2024-11-02 17:30:00","Round 10","Wolves","2","Crystal Palace","2","https://r2.thesportsdb.com/images/media/event/poster/w4djm41689062772.jpg","https://r2.thesportsdb.com/images/media/event/thumb/cbw8ff1689062625.jpg"
"2069936","2024-11-03 14:00:00","Round 10","Tottenham","4","Aston Villa","1","https://r2.thesportsdb.com/images/media/event/poster/tyrliq1718956061.jpg","https://r2.thesportsdb.com/images/media/event/thumb/cvjjpm1718955077.jpg"
"2069932","2024-11-03 16:30:00","Round 10","Manchester United","1","Chelsea","1","https://r2.thesportsdb.com/images/media/event/poster/lmgnr81718956060.jpg","https://r2.thesportsdb.com/images/media/event/thumb/j76w9k1718955076.jpg"
"2069929","2024-11-04 20:00:00","Round 10","Fulham","2","Brentford","1","https://r2.thesportsdb.com/images/media/event/poster/9ss6251689062635.jpg","https://r2.thesportsdb.com/images/media/event/thumb/emasmc1689062469.jpg"
"2069938","2024-11-09 15:00:00","Round 11","Brentford","3","Bournemouth","2","https://r2.thesportsdb.com/images/media/event/poster/q24fzm1689062642.jpg","https://r2.thesportsdb.com/images/media/event/thumb/5jl3tr1689062478.jpg"
"2069941","2024-11-09 15:00:00","Round 11","Crystal Palace","0","Fulham","2","https://r2.thesportsdb.com/images/media/event/poster/4llu7y1689062652.jpg","https://r2.thesportsdb.com/images/media/event/thumb/qlih7n1689062488.jpg"
"2069946","2024-11-09 15:00:00","Round 11","West Ham","0","Everton","0","https://r2.thesportsdb.com/images/media/event/poster/xmz4t21689062668.jpg","https://r2.thesportsdb.com/images/media/event/thumb/520r6n1689062507.jpg"
"2069947","2024-11-09 15:00:00","Round 11","Wolves","2","Southampton","0","https://r2.thesportsdb.com/images/media/event/poster/gc5ada1718956063.jpg","https://r2.thesportsdb.com/images/media/event/thumb/5j4i1q1718955080.jpg"
"2069939","2024-11-09 17:30:00","Round 11","Brighton","2","Manchester City","1","https://r2.thesportsdb.com/images/media/event/poster/qp6tk31718956061.jpg","https://r2.thesportsdb.com/images/media/event/thumb/q1m4ps1718955078.jpg"
"2069942","2024-11-09 20:00:00","Round 11","Liverpool","2","Aston Villa","0","https://r2.thesportsdb.com/images/media/event/poster/vghhu11718956061.jpg","https://r2.thesportsdb.com/images/media/event/thumb/8chjt81718955078.jpg"
"2069943","2024-11-10 14:00:00","Round 11","Manchester United","3","Leicester","0","https://r2.thesportsdb.com/images/media/event/poster/my66a81720160914.jpg","https://r2.thesportsdb.com/images/media/event/thumb/hevl9e1720158999.jpg"
"2069944","2024-11-10 14:00:00","Round 11","Nottingham Forest","1","Newcastle","3","https://r2.thesportsdb.com/images/media/event/poster/c5yb2x1689062721.jpg","https://r2.thesportsdb.com/images/media/event/thumb/mnbene1689062568.jpg"
"2069945","2024-11-10 14:00:00","Round 11","Tottenham","1","Ipswich","2","https://r2.thesportsdb.com/images/media/event/poster/89z0v41718956062.jpg","https://r2.thesportsdb.com/images/media/event/thumb/npomnr1718955080.jpg"
"2069940","2024-11-10 16:30:00","Round 11","Chelsea","1","Arsenal","1","https://r2.thesportsdb.com/images/media/event/poster/zrsf4v1689062662.jpg","https://r2.thesportsdb.com/images/media/event/thumb/lmblmb1689062500.jpg"
"2069954","2024-11-23 12:30:00","Round 12","Leicester","1","Chelsea","2","https://r2.thesportsdb.com/images/media/event/poster/442nsh1720160914.jpg","https://r2.thesportsdb.com/images/media/event/thumb/ejxe5h1720159000.jpg"
"2069948","2024-11-23 15:00:00","Round 12","Bournemouth","1","Brighton","2","https://r2.thesportsdb.com/images/media/event/poster/5pp7rb1689062761.jpg","https://r2.thesportsdb.com/images/media/event/thumb/mz3pzv1689062613.jpg"
"2069949","2024-11-23 15:00:00","Round 12","Arsenal","3","Nottingham Forest","0","https://r2.thesportsdb.com/images/media/event/poster/x5hb671689062630.jpg","https://r2.thesportsdb.com/images/media/event/thumb/w1kus71689062464.jpg"
"2069950","2024-11-23 15:00:00","Round 12","Aston Villa","2","Crystal Palace","2","https://r2.thesportsdb.com/images/media/event/poster/xtjded1718956063.jpg","https://r2.thesportsdb.com/images/media/event/thumb/0zbo6o1718955081.jpg"
"2069951","2024-11-23 15:00:00","Round 12","Everton","0","Brentford","0","https://r2.thesportsdb.com/images/media/event/poster/qkkpcm1689062761.jpg","https://r2.thesportsdb.com/images/media/event/thumb/ccc8f31689062614.jpg"
"2069952","2024-11-23 15:00:00","Round 12","Fulham","1","Wolves","4","https://r2.thesportsdb.com/images/media/event/poster/nxcgcp1689062677.jpg","https://r2.thesportsdb.com/images/media/event/thumb/3nxcu81689062518.jpg"
"2069955","2024-11-23 17:30:00","Round 12","Manchester City","0","Tottenham","4","https://r2.thesportsdb.com/images/media/event/poster/ujax2c1718956065.jpg","https://r2.thesportsdb.com/images/media/event/thumb/j9lers1718955083.jpg"
"2069957","2024-11-24 14:00:00","Round 12","Southampton","2","Liverpool","3","https://r2.thesportsdb.com/images/media/event/poster/p1slvd1718956065.jpg","https://r2.thesportsdb.com/images/media/event/thumb/ij15ks1718955084.jpg"
"2069953","2024-11-24 16:30:00","Round 12","Ipswich","1","Manchester United","1","https://r2.thesportsdb.com/images/media/event/poster/38r1sb1718956064.jpg","https://r2.thesportsdb.com/images/media/event/thumb/598wxv1718955082.jpg"
"2069956","2024-11-25 20:00:00","Round 12","Newcastle","0","West Ham","2","https://r2.thesportsdb.com/images/media/event/poster/5l09tl1689062744.jpg","https://r2.thesportsdb.com/images/media/event/thumb/omipd91689062594.jpg"
"2069959","2024-11-29 20:00:00","Round 13","Brighton","1","Southampton","1","https://r2.thesportsdb.com/images/media/event/poster/l78ai91718956066.jpg","https://r2.thesportsdb.com/images/media/event/thumb/sc1vj81718955085.jpg"
"2069958","2024-11-30 15:00:00","Round 13","Brentford","4","Leicester","1","https://r2.thesportsdb.com/images/media/event/poster/rmrxkz1720160915.jpg","https://r2.thesportsdb.com/images/media/event/thumb/ghiah51720159000.jpg"
"2069961","2024-11-30 15:00:00","Round 13","Crystal Palace","1","Newcastle","1","https://r2.thesportsdb.com/images/media/event/poster/krxo101689062739.jpg","https://r2.thesportsdb.com/images/media/event/thumb/s4xxpa1689062589.jpg"
"2069964","2024-11-30 15:00:00","Round 13","Nottingham Forest","1","Ipswich","0","https://r2.thesportsdb.com/images/media/event/poster/xt4ych1718956068.jpg","https://r2.thesportsdb.com/images/media/event/thumb/pf625b1718955088.jpg"
"2069967","2024-11-30 15:00:00","Round 13","Wolves","2","Bournemouth","4","https://r2.thesportsdb.com/images/media/event/poster/1ua5r21689062741.jpg","https://r2.thesportsdb.com/images/media/event/thumb/6ne6u01689062591.jpg"
"2069966","2024-11-30 17:30:00","Round 13","West Ham","2","Arsenal","5","https://r2.thesportsdb.com/images/media/event/poster/7u4ho61689062722.jpg","https://r2.thesportsdb.com/images/media/event/thumb/l2w2151689062569.jpg"
"2069960","2024-12-01 13:30:00","Round 13","Chelsea","3","Aston Villa","0","https://r2.thesportsdb.com/images/media/event/poster/7moexc1718956066.jpg","https://r2.thesportsdb.com/images/media/event/thumb/fljb0l1718955085.jpg"
"2069963","2024-12-01 13:30:00","Round 13","Manchester United","4","Everton","0","https://r2.thesportsdb.com/images/media/event/poster/krl1if1718956067.jpg","https://r2.thesportsdb.com/images/media/event/thumb/irhp4d1718955087.jpg"
"2069965","2024-12-01 13:30:00","Round 13","Tottenham","1","Fulham","1","https://r2.thesportsdb.com/images/media/event/poster/jlhwbv1689062665.jpg","https://r2.thesportsdb.com/images/media/event/thumb/dfpiv41689062503.jpg"
"2069962","2024-12-01 16:00:00","Round 13","Liverpool","2","Manchester City","0","https://r2.thesportsdb.com/images/media/event/poster/a3yn5s1718956067.jpg","https://r2.thesportsdb.com/images/media/event/thumb/15i1f61718955086.jpg"
"2069973","2024-12-03 19:30:00","Round 14","Ipswich","0","Crystal Palace","1","https://r2.thesportsdb.com/images/media/event/poster/tugvic1718956070.jpg","https://r2.thesportsdb.com/images/media/event/thumb/7wcsjx1718955090.jpg"
"2069974","2024-12-03 20:15:00","Round 14","Leicester","3","West Ham","1","https://r2.thesportsdb.com/images/media/event/poster/m54t5t1720160915.jpg","https://r2.thesportsdb.com/images/media/event/thumb/70okcc1720159001.jpg"
"2069971","2024-12-04 19:30:00","Round 14","Everton","4","Wolves","0","https://r2.thesportsdb.com/images/media/event/poster/flzm2d1689062640.jpg","https://r2.thesportsdb.com/images/media/event/thumb/heptk51689062475.jpg"
"2069975","2024-12-04 19:30:00","Round 14","Manchester City","3","Nottingham Forest","0","https://r2.thesportsdb.com/images/media/event/poster/l8v3e61718956070.jpg","https://r2.thesportsdb.com/images/media/event/thumb/bng1zs1718955091.jpg"
"2069976","2024-12-04 19:30:00","Round 14","Newcastle","3","Liverpool","3","https://r2.thesportsdb.com/images/media/event/poster/ffpd3a1689062641.jpg","https://r2.thesportsdb.com/images/media/event/thumb/t633y61689062476.jpg"
"2069977","2024-12-04 19:30:00","Round 14","Southampton","1","Chelsea","5","https://r2.thesportsdb.com/images/media/event/poster/nhf7m31718956071.jpg","https://r2.thesportsdb.com/images/media/event/thumb/t0blhl1718955092.jpg"
"2069969","2024-12-04 20:15:00","Round 14","Arsenal","2","Manchester United","0","https://r2.thesportsdb.com/images/media/event/poster/owuijf1718956068.jpg","https://r2.thesportsdb.com/images/media/event/thumb/lv7j701718955088.jpg"
"2069970","2024-12-04 20:15:00","Round 14","Aston Villa","3","Brentford","1","https://r2.thesportsdb.com/images/media/event/poster/tsnnll1718956069.jpg","https://r2.thesportsdb.com/images/media/event/thumb/ebujdj1718955089.jpg"
"2069972","2024-12-05 19:30:00","Round 14","Fulham","3","Brighton","1","https://r2.thesportsdb.com/images/media/event/poster/p7yl2y1689062731.jpg","https://r2.thesportsdb.com/images/media/event/thumb/ftctr91689062580.jpg"
"2069968","2024-12-05 20:15:00","Round 14","Bournemouth","1","Tottenham","0","https://r2.thesportsdb.com/images/media/event/poster/s5pvrl1689062638.jpg","https://r2.thesportsdb.com/images/media/event/thumb/1gpy2f1689062473.jpg"
"2069978","2024-12-07 15:00:00","Round 15","Aston Villa","1","Southampton","0","https://r2.thesportsdb.com/images/media/event/poster/rzelde1718956072.jpg","https://r2.thesportsdb.com/images/media/event/thumb/yyb75l1718955092.jpg"
"2069979","2024-12-07 15:00:00","Round 15","Brentford","4","Newcastle","2","https://r2.thesportsdb.com/images/media/event/poster/95vfgx1689062773.jpg","https://r2.thesportsdb.com/images/media/event/thumb/xtveyq1689062626.jpg"
"2069980","2024-12-07 15:00:00","Round 15","Crystal Palace","2","Manchester City","2","https://r2.thesportsdb.com/images/media/event/poster/bvudya1718956072.jpg","https://r2.thesportsdb.com/images/media/event/thumb/5fpjxo1718955093.jpg"
"2069985","2024-12-07 17:30:00","Round 15","Manchester United","2","Nottingham Forest","3","https://r2.thesportsdb.com/images/media/event/poster/jvhwkn1718956073.jpg","https://r2.thesportsdb.com/images/media/event/thumb/a8t5jv1718955095.jpg"
"2069982","2024-12-08 14:00:00","Round 15","Fulham","1","Arsenal","1","https://r2.thesportsdb.com/images/media/event/poster/no876d1689062704.jpg","https://r2.thesportsdb.com/images/media/event/thumb/wxt46e1689062549.jpg"
"2069983","2024-12-08 14:00:00","Round 15","Ipswich","1","Bournemouth","2","https://r2.thesportsdb.com/images/media/event/poster/2qezru1718956072.jpg","https://r2.thesportsdb.com/images/media/event/thumb/zgj74l1718955093.jpg"
"2069984","2024-12-08 14:00:00","Round 15","Leicester","2","Brighton","2","https://r2.thesportsdb.com/images/media/event/poster/6nnc431720160916.jpg","https://r2.thesportsdb.com/images/media/event/thumb/6sdhw21720159002.jpg"
"2069986","2024-12-08 16:30:00","Round 15","Tottenham","3","Chelsea","4","https://r2.thesportsdb.com/images/media/event/poster/cnquuo1689062672.jpg","https://r2.thesportsdb.com/images/media/event/thumb/la86xn1689062512.jpg"
"2069987","2024-12-09 20:00:00","Round 15","West Ham","2","Wolves","1","https://r2.thesportsdb.com/images/media/event/poster/athlko1689062694.jpg","https://r2.thesportsdb.com/images/media/event/thumb/hiz0dw1689062539.jpg"
"2069989","2024-12-14 15:00:00","Round 16","Arsenal","0","Everton","0","https://r2.thesportsdb.com/images/media/event/poster/xhg17b1689062772.jpg","https://r2.thesportsdb.com/images/media/event/thumb/wusogz1689062626.jpg"
"2069992","2024-12-14 15:00:00","Round 16","Liverpool","2","Fulham","2","https://r2.thesportsdb.com/images/media/event/poster/rah5y01689062682.jpg","https://r2.thesportsdb.com/images/media/event/thumb/plvas21689062524.jpg"
"2069994","2024-12-14 15:00:00","Round 16","Newcastle","4","Leicester","0","https://r2.thesportsdb.com/images/media/event/poster/t7le3k1720160916.jpg","https://r2.thesportsdb.com/images/media/event/thumb/u1o5xq1720159002.jpg"
"2069997","2024-12-14 15:00:00","Round 16","Wolves","1","Ipswich","2","https://r2.thesportsdb.com/images/media/event/poster/ifzcwu1718956076.jpg","https://r2.thesportsdb.com/images/media/event/thumb/wsfz6f1718955097.jpg"
"2069995","2024-12-14 17:30:00","Round 16","Nottingham Forest","2","Aston Villa","1","https://r2.thesportsdb.com/images/media/event/poster/vr24jc1718956074.jpg","https://r2.thesportsdb.com/images/media/event/thumb/xg5ce31718955096.jpg"
"2069990","2024-12-15 14:00:00","Round 16","Brighton","1","Crystal Palace","3","https://r2.thesportsdb.com/images/media/event/poster/0qmtwe1689062716.jpg","https://r2.thesportsdb.com/images/media/event/thumb/blxya31689062562.jpg"
"2069993","2024-12-15 16:30:00","Round 16","Manchester City","1","Manchester United","2","https://r2.thesportsdb.com/images/media/event/poster/gayfyq1718956074.jpg","https://r2.thesportsdb.com/images/media/event/thumb/o77k8n1718955096.jpg"
"2069991","2024-12-15 19:00:00","Round 16","Chelsea","2","Brentford","1","https://r2.thesportsdb.com/images/media/event/poster/zsi7xk1689062666.jpg","https://r2.thesportsdb.com/images/media/event/thumb/kcg29k1689062505.jpg"
"2069996","2024-12-15 19:00:00","Round 16","Southampton","0","Tottenham","5","https://r2.thesportsdb.com/images/media/event/poster/wlncr31718956075.jpg","https://r2.thesportsdb.com/images/media/event/thumb/1bdyrl1718955097.jpg"
"2069988","2024-12-16 20:00:00","Round 16","Bournemouth","1","West Ham","1","https://r2.thesportsdb.com/images/media/event/poster/6sgdxo1689062631.jpg","https://r2.thesportsdb.com/images/media/event/thumb/m0rdmh1689062464.jpg"
"2069998","2024-12-21 12:30:00","Round 17","Aston Villa","2","Manchester City","1","https://r2.thesportsdb.com/images/media/event/poster/8y1kkm1718956076.jpg","https://r2.thesportsdb.com/images/media/event/thumb/nv5nve1718955098.jpg"
"2069999","2024-12-21 15:00:00","Round 17","Brentford","0","Nottingham Forest","2","https://r2.thesportsdb.com/images/media/event/poster/qfnhkh1689062708.jpg","https://r2.thesportsdb.com/images/media/event/thumb/842tkb1689062553.jpg"
"2070003","2024-12-21 15:00:00","Round 17","Ipswich","0","Newcastle","4","https://r2.thesportsdb.com/images/media/event/poster/r7bsyb1718956077.jpg","https://r2.thesportsdb.com/images/media/event/thumb/m13sid1718955099.jpg"
"2070007","2024-12-21 15:00:00","Round 17","West Ham","1","Brighton","1","https://r2.thesportsdb.com/images/media/event/poster/cwqfpm1689062706.jpg","https://r2.thesportsdb.com/images/media/event/thumb/4eptma1689062552.jpg"
"2070000","2024-12-21 17:30:00","Round 17","Crystal Palace","1","Arsenal","5","https://r2.thesportsdb.com/images/media/event/poster/u011ul1689062634.jpg","https://r2.thesportsdb.com/images/media/event/thumb/zs7jil1689062469.jpg"
"2070001","2024-12-22 14:00:00","Round 17","Everton","0","Chelsea","0","https://r2.thesportsdb.com/images/media/event/poster/wuaxlp1689062688.jpg","https://r2.thesportsdb.com/images/media/event/thumb/tjwzsf1689062531.jpg"
"2070002","2024-12-22 14:00:00","Round 17","Fulham","0","Southampton","0","https://r2.thesportsdb.com/images/media/event/poster/rso6sb1718956077.jpg","https://r2.thesportsdb.com/images/media/event/thumb/2xdoof1718955099.jpg"
"2070004","2024-12-22 14:00:00","Round 17","Leicester","0","Wolves","3","https://r2.thesportsdb.com/images/media/event/poster/spx0dj1720160917.jpg","https://r2.thesportsdb.com/images/media/event/thumb/9v1eun1720159003.jpg"
"2070005","2024-12-22 14:00:00","Round 17","Manchester United","0","Bournemouth","3","https://r2.thesportsdb.com/images/media/event/poster/ajlmkq1718956078.jpg","https://r2.thesportsdb.com/images/media/event/thumb/u6i4as1718955101.jpg"
"2070006","2024-12-22 16:30:00","Round 17","Tottenham","3","Liverpool","6","https://r2.thesportsdb.com/images/media/event/poster/gyuj391689062656.jpg","https://r2.thesportsdb.com/images/media/event/thumb/k2ij8m1689062493.jpg"
"2070013","2024-12-26 12:30:00","Round 18","Manchester City","1","Everton","1","https://r2.thesportsdb.com/images/media/event/poster/jczfqn1718956079.jpg","https://r2.thesportsdb.com/images/media/event/thumb/2tqzem1718955102.jpg"
"2070008","2024-12-26 15:00:00","Round 18","Bournemouth","0","Crystal Palace","0","https://r2.thesportsdb.com/images/media/event/poster/9zsk8u1689062745.jpg","https://r2.thesportsdb.com/images/media/event/thumb/e2fxj81689062596.jpg"
"2070011","2024-12-26 15:00:00","Round 18","Chelsea","1","Fulham","2","https://r2.thesportsdb.com/images/media/event/poster/zg9rq21689062709.jpg","https://r2.thesportsdb.com/images/media/event/thumb/a1wxxn1689062555.jpg"
"2070014","2024-12-26 15:00:00","Round 18","Newcastle","3","Aston Villa","0","https://r2.thesportsdb.com/images/media/event/poster/hiymum1718956080.jpg","https://r2.thesportsdb.com/images/media/event/thumb/aznpoc1718955102.jpg"
"2070015","2024-12-26 15:00:00","Round 18","Nottingham Forest","1","Tottenham","0","https://r2.thesportsdb.com/images/media/event/poster/d1zgpp1689062694.jpg","https://r2.thesportsdb.com/images/media/event/thumb/zw7czf1689062538.jpg"
"2070016","2024-12-26 15:00:00","Round 18","Southampton","0","West Ham","1","https://r2.thesportsdb.com/images/media/event/poster/5zl27i1718956080.jpg","https://r2.thesportsdb.com/images/media/event/thumb/vj4ap01718955103.jpg"
"2070017","2024-12-26 17:30:00","Round 18","Wolves","2","Manchester United","0","https://r2.thesportsdb.com/images/media/event/poster/g11cnl1718956081.jpg","https://r2.thesportsdb.com/images/media/event/thumb/c0zq8m1718955104.jpg"
"2070012","2024-12-26 20:00:00","Round 18","Liverpool","3","Leicester","1","https://r2.thesportsdb.com/images/media/event/poster/j1nge81720160917.jpg","https://r2.thesportsdb.com/images/media/event/thumb/g24kh61720159004.jpg"
"2070010","2024-12-27 19:30:00","Round 18","Brighton","0","Brentford","0","https://r2.thesportsdb.com/images/media/event/poster/8tzfss1689062684.jpg","https://r2.thesportsdb.com/images/media/event/thumb/87xree1689062526.jpg"
"2070009","2024-12-27 20:15:00","Round 18","Arsenal","1","Ipswich","0","https://r2.thesportsdb.com/images/media/event/poster/lcjy361718956079.jpg","https://r2.thesportsdb.com/images/media/event/thumb/dt82cm1718955101.jpg"
"2070024","2024-12-29 14:30:00","Round 19","Leicester","0","Manchester City","2","https://r2.thesportsdb.com/images/media/event/poster/l3hb8z1720160918.jpg","https://r2.thesportsdb.com/images/media/event/thumb/egbx031720159004.jpg"
"2070020","2024-12-29 15:00:00","Round 19","Crystal Palace","2","Southampton","1","https://r2.thesportsdb.com/images/media/event/poster/y3trzg1718956082.jpg","https://r2.thesportsdb.com/images/media/event/thumb/7g84q91718955105.jpg"
"2070021","2024-12-29 15:00:00","Round 19","Everton","0","Nottingham Forest","2","https://r2.thesportsdb.com/images/media/event/poster/o4g3jd1689062758.jpg","https://r2.thesportsdb.com/images/media/event/thumb/gswryl1689062610.jpg"
"2070022","2024-12-29 15:00:00","Round 19","Fulham","2","Bournemouth","2","https://r2.thesportsdb.com/images/media/event/poster/pa8eqb1689062719.jpg","https://r2.thesportsdb.com/images/media/event/thumb/juon9r1689062566.jpg"
"2070026","2024-12-29 15:00:00","Round 19","Tottenham","2","Wolves","2","https://r2.thesportsdb.com/images/media/event/poster/h7g4br1689062726.jpg","https://r2.thesportsdb.com/images/media/event/thumb/hwenp61689062574.jpg"
"2070027","2024-12-29 17:15:00","Round 19","West Ham","0","Liverpool","5","https://r2.thesportsdb.com/images/media/event/poster/mvws851689062764.jpg","https://r2.thesportsdb.com/images/media/event/thumb/nj5qs11689062617.jpg"
"2070018","2024-12-30 19:45:00","Round 19","Aston Villa","2","Brighton","2","https://r2.thesportsdb.com/images/media/event/poster/nq28sd1718956081.jpg","https://r2.thesportsdb.com/images/media/event/thumb/okp8581718955104.jpg"
"2070023","2024-12-30 19:45:00","Round 19","Ipswich","2","Chelsea","0","https://r2.thesportsdb.com/images/media/event/poster/dewudl1718956082.jpg","https://r2.thesportsdb.com/images/media/event/thumb/zge8hv1718955106.jpg"
"2070025","2024-12-30 20:00:00","Round 19","Manchester United","0","Newcastle","2","https://r2.thesportsdb.com/images/media/event/poster/21ke8c1718956083.jpg","https://r2.thesportsdb.com/images/media/event/thumb/9gqyrx1718955107.jpg"
"2070019","2025-01-01 17:30:00","Round 19","Brentford","1","Arsenal","3","https://r2.thesportsdb.com/images/media/event/poster/dak5wo1689062676.jpg","https://r2.thesportsdb.com/images/media/event/thumb/l05b2u1689062517.jpg"
"2070036","2025-01-04 12:30:00","Round 20","Tottenham","1","Newcastle","2","https://r2.thesportsdb.com/images/media/event/poster/dflez41689062690.jpg","https://r2.thesportsdb.com/images/media/event/thumb/pnm38s1689062534.jpg"
"2070028","2025-01-04 15:00:00","Round 20","Bournemouth","1","Everton","0","https://r2.thesportsdb.com/images/media/event/poster/zo1jbb1689062742.jpg","https://r2.thesportsdb.com/images/media/event/thumb/nszx6s1689062592.jpg"
"2070029","2025-01-04 15:00:00","Round 20","Aston Villa","2","Leicester","1","https://r2.thesportsdb.com/images/media/event/poster/hcr5wn1720160918.jpg","https://r2.thesportsdb.com/images/media/event/thumb/jnpwo61720159005.jpg"
"2070031","2025-01-04 15:00:00","Round 20","Crystal Palace","1","Chelsea","1","https://r2.thesportsdb.com/images/media/event/poster/067uqj1689062719.jpg","https://r2.thesportsdb.com/images/media/event/thumb/ddq3yo1689062566.jpg"
"2070034","2025-01-04 15:00:00","Round 20","Manchester City","4","West Ham","1","https://r2.thesportsdb.com/images/media/event/poster/zzpovh1718956085.jpg","https://r2.thesportsdb.com/images/media/event/thumb/1uwymc1718955110.jpg"
"2070035","2025-01-04 15:00:00","Round 20","Southampton","0","Brentford","5","https://r2.thesportsdb.com/images/media/event/poster/cfghw11718956085.jpg","https://r2.thesportsdb.com/images/media/event/thumb/1egv1h1718955110.jpg"
"2070030","2025-01-04 17:30:00","Round 20","Brighton","1","Arsenal","1","https://r2.thesportsdb.com/images/media/event/poster/5oo7it1689062750.jpg","https://r2.thesportsdb.com/images/media/event/thumb/orpe9a1689062600.jpg"
"2070032","2025-01-05 14:00:00","Round 20","Fulham","2","Ipswich","2","https://r2.thesportsdb.com/images/media/event/poster/jmai6u1718956084.jpg","https://r2.thesportsdb.com/images/media/event/thumb/9tw6xj1718955108.jpg"
"2070033","2025-01-05 16:30:00","Round 20","Liverpool","2","Manchester United","2","https://r2.thesportsdb.com/images/media/event/poster/3fjg0l1718956085.jpg","https://r2.thesportsdb.com/images/media/event/thumb/1494ic1718955109.jpg"
"2070037","2025-01-06 20:00:00","Round 20","Wolves","0","Nottingham Forest","3","https://r2.thesportsdb.com/images/media/event/poster/g1bcwu1689062691.jpg","https://r2.thesportsdb.com/images/media/event/thumb/q6vflm1689062534.jpg"
"2070039","2025-01-14 19:30:00","Round 21","Brentford","2","Manchester City","2","https://r2.thesportsdb.com/images/media/event/poster/rfeo441718956086.jpg","https://r2.thesportsdb.com/images/media/event/thumb/s1615a1718955111.jpg"
"2070044","2025-01-14 19:30:00","Round 21","West Ham","3","Fulham","2","https://r2.thesportsdb.com/images/media/event/poster/5bg4c71689062756.jpg","https://r2.thesportsdb.com/images/media/event/thumb/qhe4as1689062608.jpg"
"2070045","2025-01-14 19:30:00","Round 21","Chelsea","2","Bournemouth","2","https://r2.thesportsdb.com/images/media/event/poster/hwb4si1689062774.jpg","https://r2.thesportsdb.com/images/media/event/thumb/yzuq2c1689062628.jpg"
"2070043","2025-01-14 20:00:00","Round 21","Nottingham Forest","1","Liverpool","1","https://r2.thesportsdb.com/images/media/event/poster/duu37h1689062733.jpg","https://r2.thesportsdb.com/images/media/event/thumb/4ez1ld1689062582.jpg"
"2070040","2025-01-15 19:30:00","Round 21","Everton","0","Aston Villa","1","https://r2.thesportsdb.com/images/media/event/poster/orc54v1718956086.jpg","https://r2.thesportsdb.com/images/media/event/thumb/axqflv1718955112.jpg"
"2070042","2025-01-15 19:30:00","Round 21","Leicester","0","Crystal Palace","2","https://r2.thesportsdb.com/images/media/event/poster/v5ct2t1720160919.jpg","https://r2.thesportsdb.com/images/media/event/thumb/vjce901720159006.jpg"
"2070046","2025-01-15 19:30:00","Round 21","Newcastle","3","Wolves","0","https://r2.thesportsdb.com/images/media/event/poster/ar4nv81689062732.jpg","https://r2.thesportsdb.com/images/media/event/thumb/i7spc41689062581.jpg"
"2070038","2025-01-15 20:00:00","Round 21","Arsenal","2","Tottenham","1","https://r2.thesportsdb.com/images/media/event/poster/qogswc1689062650.jpg","https://r2.thesportsdb.com/images/media/event/thumb/q765g41689062486.jpg"
"2070041","2025-01-16 19:30:00","Round 21","Ipswich","0","Brighton","2","https://r2.thesportsdb.com/images/media/event/poster/mfq2q21718956087.jpg","https://r2.thesportsdb.com/images/media/event/thumb/3omh1l1718955112.jpg"
"2070047","2025-01-16 20:00:00","Round 21","Manchester United","3","Southampton","1","https://r2.thesportsdb.com/images/media/event/poster/hh72x51718956088.jpg","https://r2.thesportsdb.com/images/media/event/thumb/0ht4oi1718955113.jpg"
"2070055","2025-01-18 12:30:00","Round 22","Newcastle","1","Bournemouth","4","https://r2.thesportsdb.com/images/media/event/poster/4k11mm1689062725.jpg","https://r2.thesportsdb.com/images/media/event/thumb/2dhm6h1689062573.jpg"
"2070049","2025-01-18 15:00:00","Round 22","Brentford","0","Liverpool","2","https://r2.thesportsdb.com/images/media/event/poster/iavjx91689062722.jpg","https://r2.thesportsdb.com/images/media/event/thumb/epi7q81689062570.jpg"
"2070053","2025-01-18 15:00:00","Round 22","Leicester","0","Fulham","2","https://r2.thesportsdb.com/images/media/event/poster/ywxt711720160919.jpg","https://r2.thesportsdb.com/images/media/event/thumb/sih4en1720159006.jpg"
"2070057","2025-01-18 15:00:00","Round 22","West Ham","0","Crystal Palace","2","https://r2.thesportsdb.com/images/media/event/poster/mi96z01689062683.jpg","https://r2.thesportsdb.com/images/media/event/thumb/5b4pgy1689062525.jpg"
"2070048","2025-01-18 17:30:00","Round 22","Arsenal","2","Aston Villa","2","https://r2.thesportsdb.com/images/media/event/poster/3amiqs1718956089.jpg","https://r2.thesportsdb.com/images/media/event/thumb/rw5z9i1718955114.jpg"
"2070051","2025-01-19 14:00:00","Round 22","Everton","3","Tottenham","2","https://r2.thesportsdb.com/images/media/event/poster/kh2m5v1689062717.jpg","https://r2.thesportsdb.com/images/media/event/thumb/1qr6l21689062564.jpg"
"2070054","2025-01-19 14:00:00","Round 22","Manchester United","1","Brighton","3","https://r2.thesportsdb.com/images/media/event/poster/6x0x3r1718956090.jpg","https://r2.thesportsdb.com/images/media/event/thumb/v557su1718955116.jpg"
"2070056","2025-01-19 14:00:00","Round 22","Nottingham Forest","3","Southampton","2","https://r2.thesportsdb.com/images/media/event/poster/y65jso1718956091.jpg","https://r2.thesportsdb.com/images/media/event/thumb/wxycml1718955117.jpg"
"2070052","2025-01-19 16:30:00","Round 22","Ipswich","0","Manchester City","6","https://r2.thesportsdb.com/images/media/event/poster/h2d9nr1718956089.jpg","https://r2.thesportsdb.com/images/media/event/thumb/lqmz9h1718955115.jpg"
"2070050","2025-01-20 20:00:00","Round 22","Chelsea","3","Wolves","1","https://r2.thesportsdb.com/images/media/event/poster/4nipc31689062717.jpg","https://r2.thesportsdb.com/images/media/event/thumb/7kh4qq1689062563.jpg"
"2070058","2025-01-25 15:00:00","Round 23","Bournemouth","5","Nottingham Forest","0","https://r2.thesportsdb.com/images/media/event/poster/jgchww1689062715.jpg","https://r2.thesportsdb.com/images/media/event/thumb/0g50801689062561.jpg"
"2070060","2025-01-25 15:00:00","Round 23","Brighton","0","Everton","1","https://r2.thesportsdb.com/images/media/event/poster/shabgi1689062728.jpg","https://r2.thesportsdb.com/images/media/event/thumb/8qa4of1689062575.jpg"
"2070063","2025-01-25 15:00:00","Round 23","Liverpool","4","Ipswich","1","https://r2.thesportsdb.com/images/media/event/poster/18nk1g1718956092.jpg","https://r2.thesportsdb.com/images/media/event/thumb/wv9n1t1718955119.jpg"
"2070065","2025-01-25 15:00:00","Round 23","Southampton","1","Newcastle","3","https://r2.thesportsdb.com/images/media/event/poster/im750h1718956093.jpg","https://r2.thesportsdb.com/images/media/event/thumb/26b8fh1718955120.jpg"
"2070067","2025-01-25 15:00:00","Round 23","Wolves","0","Arsenal","1","https://r2.thesportsdb.com/images/media/event/poster/m4k3vq1689062760.jpg","https://r2.thesportsdb.com/images/media/event/thumb/aqbbjn1689062613.jpg"
"2070064","2025-01-25 17:30:00","Round 23","Manchester City","3","Chelsea","1","https://r2.thesportsdb.com/images/media/event/poster/lzj2qf1718956093.jpg","https://r2.thesportsdb.com/images/media/event/thumb/dd9kvh1718955119.jpg"
"2070061","2025-01-26 14:00:00","Round 23","Crystal Palace","1","Brentford","2","https://r2.thesportsdb.com/images/media/event/poster/avo74u1689062703.jpg","https://r2.thesportsdb.com/images/media/event/thumb/ikovgi1689062549.jpg"
"2070066","2025-01-26 14:00:00","Round 23","Tottenham","1","Leicester","2","https://r2.thesportsdb.com/images/media/event/poster/0zrz3i1720160920.jpg","https://r2.thesportsdb.com/images/media/event/thumb/w3zzh81720159007.jpg"
"2070059","2025-01-26 16:30:00","Round 23","Aston Villa","1","West Ham","1","https://r2.thesportsdb.com/images/media/event/poster/4sryg51718956091.jpg","https://r2.thesportsdb.com/images/media/event/thumb/lnlba31718955117.jpg"
"2070062","2025-01-26 19:00:00","Round 23","Fulham","0","Manchester United","1","https://r2.thesportsdb.com/images/media/event/poster/3uhctz1718956092.jpg","https://r2.thesportsdb.com/images/media/event/thumb/3l17541718955118.jpg"
"2070076","2025-02-01 12:30:00","Round 24","Nottingham Forest","7","Brighton","0","https://r2.thesportsdb.com/images/media/event/poster/mco14x1689062679.jpg","https://r2.thesportsdb.com/images/media/event/thumb/o8hlhw1689062520.jpg"
"2070068","2025-02-01 15:00:00","Round 24","Bournemouth","0","Liverpool","2","https://r2.thesportsdb.com/images/media/event/poster/djtsr71689062707.jpg","https://r2.thesportsdb.com/images/media/event/thumb/t88vek1689062553.jpg"
"2070072","2025-02-01 15:00:00","Round 24","Everton","4","Leicester","0","https://r2.thesportsdb.com/images/media/event/poster/lqbyd91720160920.jpg","https://r2.thesportsdb.com/images/media/event/thumb/5agy6k1720159007.jpg"
"2070073","2025-02-01 15:00:00","Round 24","Ipswich","1","Southampton","2","https://r2.thesportsdb.com/images/media/event/poster/c9d9hg1718956094.jpg","https://r2.thesportsdb.com/images/media/event/thumb/4h5xzr1718955121.jpg"
"2070075","2025-02-01 15:00:00","Round 24","Newcastle","1","Fulham","2","https://r2.thesportsdb.com/images/media/event/poster/ugcoe41689062693.jpg","https://r2.thesportsdb.com/images/media/event/thumb/zn8me31689062538.jpg"
"2070077","2025-02-01 17:30:00","Round 24","Wolves","2","Aston Villa","0","https://r2.thesportsdb.com/images/media/event/poster/xpgyu41718956095.jpg","https://r2.thesportsdb.com/images/media/event/thumb/g5h62t1718955122.jpg"
"2070070","2025-02-02 14:00:00","Round 24","Brentford","0","Tottenham","2","https://r2.thesportsdb.com/images/media/event/poster/ehs1el1689062633.jpg","https://r2.thesportsdb.com/images/media/event/thumb/l4z7g71689062467.jpg"
"2070074","2025-02-02 14:00:00","Round 24","Manchester United","0","Crystal Palace","2","https://r2.thesportsdb.com/images/media/event/poster/dymzj91718956095.jpg","https://r2.thesportsdb.com/images/media/event/thumb/in7aq31718955122.jpg"
"2070069","2025-02-02 16:30:00","Round 24","Arsenal","5","Manchester City","1","https://r2.thesportsdb.com/images/media/event/poster/fdd0su1718956094.jpg","https://r2.thesportsdb.com/images/media/event/thumb/5kyq4e1718955121.jpg"
"2070071","2025-02-03 20:00:00","Round 24","Chelsea","2","West Ham","1","https://r2.thesportsdb.com/images/media/event/poster/ij0wtr1689062766.jpg","https://r2.thesportsdb.com/images/media/event/thumb/6w671u1689062619.jpg"
"2069981","2025-02-12 19:30:00","Round 15","Everton","2","Liverpool","2","https://r2.thesportsdb.com/images/media/event/poster/weqky51689062739.jpg","https://r2.thesportsdb.com/images/media/event/thumb/pcj6zp1689062589.jpg"
"2070079","2025-02-14 20:00:00","Round 25","Brighton","3","Chelsea","0","https://r2.thesportsdb.com/images/media/event/poster/3wlnju1689062757.jpg","https://r2.thesportsdb.com/images/media/event/thumb/tn32af1689062609.jpg"
"2070082","2025-02-15 12:30:00","Round 25","Leicester","0","Arsenal","2","https://r2.thesportsdb.com/images/media/event/poster/ql85qz1720160921.jpg","https://r2.thesportsdb.com/images/media/event/thumb/7e3bke1720159008.jpg"
"2070078","2025-02-15 15:00:00","Round 25","Aston Villa","1","Ipswich","1","https://r2.thesportsdb.com/images/media/event/poster/93p27z1718956096.jpg","https://r2.thesportsdb.com/images/media/event/thumb/hod5le1718955123.jpg"
"2070081","2025-02-15 15:00:00","Round 25","Fulham","2","Nottingham Forest","1","https://r2.thesportsdb.com/images/media/event/poster/ja5xjr1689062685.jpg","https://r2.thesportsdb.com/images/media/event/thumb/k7frj31689062527.jpg"
"2070084","2025-02-15 15:00:00","Round 25","Manchester City","4","Newcastle","0","https://r2.thesportsdb.com/images/media/event/poster/p5sqj31718956097.jpg","https://r2.thesportsdb.com/images/media/event/thumb/v2lgpk1718955124.jpg"
"2070085","2025-02-15 15:00:00","Round 25","Southampton","1","Bournemouth","3","https://r2.thesportsdb.com/images/media/event/poster/tboxak1718956097.jpg","https://r2.thesportsdb.com/images/media/event/thumb/qrfdxn1718955125.jpg"
"2070087","2025-02-15 15:00:00","Round 25","West Ham","0","Brentford","1","https://r2.thesportsdb.com/images/media/event/poster/9rsble1689062729.jpg","https://r2.thesportsdb.com/images/media/event/thumb/cv30ky1689062578.jpg"
"2070080","2025-02-15 17:30:00","Round 25","Crystal Palace","1","Everton","2","https://r2.thesportsdb.com/images/media/event/poster/xcoy9s1689062674.jpg","https://r2.thesportsdb.com/images/media/event/thumb/sghsy71689062515.jpg"
"2070083","2025-02-16 14:00:00","Round 25","Liverpool","2","Wolves","1","https://r2.thesportsdb.com/images/media/event/poster/2d47oa1689062775.jpg","https://r2.thesportsdb.com/images/media/event/thumb/7z7qdk1689062629.jpg"
"2070086","2025-02-16 16:30:00","Round 25","Tottenham","1","Manchester United","0","https://r2.thesportsdb.com/images/media/event/poster/3ib5rh1718956098.jpg","https://r2.thesportsdb.com/images/media/event/thumb/wn90rq1718955125.jpg"
"2070120","2025-02-19 19:30:00","Round 29","Aston Villa","2","Liverpool","2","https://r2.thesportsdb.com/images/media/event/poster/ub1wjd1718956107.jpg","https://r2.thesportsdb.com/images/media/event/thumb/uzy7mb1718955136.jpg"
"2070094","2025-02-21 20:00:00","Round 26","Leicester","0","Brentford","4","https://r2.thesportsdb.com/images/media/event/poster/qg0pin1720160921.jpg","https://r2.thesportsdb.com/images/media/event/thumb/im215n1720159009.jpg"
"2070091","2025-02-22 12:30:00","Round 26","Everton","2","Manchester United","2","https://r2.thesportsdb.com/images/media/event/poster/7i4pjr1718956099.jpg","https://r2.thesportsdb.com/images/media/event/thumb/665duq1718955127.jpg"
"2070088","2025-02-22 15:00:00","Round 26","Bournemouth","0","Wolves","1","https://r2.thesportsdb.com/images/media/event/poster/e6ylp51689062661.jpg","https://r2.thesportsdb.com/images/media/event/thumb/ll4y601689062499.jpg"
"2070089","2025-02-22 15:00:00","Round 26","Arsenal","0","West Ham","1","https://r2.thesportsdb.com/images/media/event/poster/llz9wj1689062699.jpg","https://r2.thesportsdb.com/images/media/event/thumb/j33v2s1689062544.jpg"
"2070092","2025-02-22 15:00:00","Round 26","Fulham","0","Crystal Palace","2","https://r2.thesportsdb.com/images/media/event/poster/lim1j01689062762.jpg","https://r2.thesportsdb.com/images/media/event/thumb/1kd4ex1689062614.jpg"
"2070093","2025-02-22 15:00:00","Round 26","Ipswich","1","Tottenham","4","https://r2.thesportsdb.com/images/media/event/poster/0341mk1718956100.jpg","https://r2.thesportsdb.com/images/media/event/thumb/yroww11718955128.jpg"
"2070097","2025-02-22 15:00:00","Round 26","Southampton","0","Brighton","4","https://r2.thesportsdb.com/images/media/event/poster/jm60yc1718956101.jpg","https://r2.thesportsdb.com/images/media/event/thumb/3xcjzb1718955129.jpg"
"2070090","2025-02-22 17:30:00","Round 26","Aston Villa","2","Chelsea","1","https://r2.thesportsdb.com/images/media/event/poster/kmb8fn1718956098.jpg","https://r2.thesportsdb.com/images/media/event/thumb/m8cy4d1718955126.jpg"
"2070096","2025-02-23 14:00:00","Round 26","Newcastle","4","Nottingham Forest","3","https://r2.thesportsdb.com/images/media/event/poster/z03vtl1689062702.jpg","https://r2.thesportsdb.com/images/media/event/thumb/5y4wyz1689062547.jpg"
"2070095","2025-02-23 16:30:00","Round 26","Manchester City","0","Liverpool","2","https://r2.thesportsdb.com/images/media/event/poster/k7k19f1718956101.jpg","https://r2.thesportsdb.com/images/media/event/thumb/jmmvdg1718955129.jpg"
"2070099","2025-02-25 19:30:00","Round 27","Brighton","2","Bournemouth","1","https://r2.thesportsdb.com/images/media/event/poster/jpfw2r1689062651.jpg","https://r2.thesportsdb.com/images/media/event/thumb/6yecnm1689062487.jpg"
"2070103","2025-02-25 19:30:00","Round 27","Wolves","1","Fulham","2","https://r2.thesportsdb.com/images/media/event/poster/cr01wo1689062737.jpg","https://r2.thesportsdb.com/images/media/event/thumb/7bdukt1689062587.jpg"
"2070104","2025-02-25 19:30:00","Round 27","Crystal Palace","4","Aston Villa","1","https://r2.thesportsdb.com/images/media/event/poster/nslrmo1718956103.jpg","https://r2.thesportsdb.com/images/media/event/thumb/weh3od1718955131.jpg"
"2070105","2025-02-25 20:15:00","Round 27","Chelsea","4","Southampton","0","https://r2.thesportsdb.com/images/media/event/poster/ko7e3v1718956103.jpg","https://r2.thesportsdb.com/images/media/event/thumb/x2ne6b1718955131.jpg"
"2070098","2025-02-26 19:30:00","Round 27","Brentford","1","Everton","1","https://r2.thesportsdb.com/images/media/event/poster/jeohro1689062650.jpg","https://r2.thesportsdb.com/images/media/event/thumb/3wod7r1689062486.jpg"
"2070100","2025-02-26 19:30:00","Round 27","Nottingham Forest","0","Arsenal","0","https://r2.thesportsdb.com/images/media/event/poster/92axch1689062712.jpg","https://r2.thesportsdb.com/images/media/event/thumb/nu4xom1689062558.jpg"
"2070101","2025-02-26 19:30:00","Round 27","Tottenham","0","Manchester City","1","https://r2.thesportsdb.com/images/media/event/poster/fvzbf31718956102.jpg","https://r2.thesportsdb.com/images/media/event/thumb/c4rax11718955130.jpg"
"2070107","2025-02-26 19:30:00","Round 27","Manchester United","3","Ipswich","2","https://r2.thesportsdb.com/images/media/event/poster/lrj3511718956104.jpg","https://r2.thesportsdb.com/images/media/event/thumb/3hfwcf1718955132.jpg"
"2070106","2025-02-26 20:15:00","Round 27","Liverpool","2","Newcastle","0","https://r2.thesportsdb.com/images/media/event/poster/nlz3x21689062704.jpg","https://r2.thesportsdb.com/images/media/event/thumb/ogauxo1689062550.jpg"
"2070102","2025-02-27 20:00:00","Round 27","West Ham","2","Leicester","0","https://r2.thesportsdb.com/images/media/event/poster/kr2ban1720160922.jpg","https://r2.thesportsdb.com/images/media/event/thumb/up3t9n1720159009.jpg"
"2070114","2025-03-08 12:30:00","Round 28","Nottingham Forest","1","Manchester City","0","https://r2.thesportsdb.com/images/media/event/poster/cpqw1c1718956106.jpg","https://r2.thesportsdb.com/images/media/event/thumb/yld2iv1718955135.jpg"
"2070109","2025-03-08 15:00:00","Round 28","Brighton","2","Fulham","1","https://r2.thesportsdb.com/images/media/event/poster/8eqqyj1689062666.jpg","https://r2.thesportsdb.com/images/media/event/thumb/twr5ku1689062504.jpg"
"2070111","2025-03-08 15:00:00","Round 28","Crystal Palace","1","Ipswich","0","https://r2.thesportsdb.com/images/media/event/poster/i99omp1718956105.jpg","https://r2.thesportsdb.com/images/media/event/thumb/z41dvp1718955133.jpg"
"2070112","2025-03-08 15:00:00","Round 28","Liverpool","3","Southampton","1","https://r2.thesportsdb.com/images/media/event/poster/e9350c1718956105.jpg","https://r2.thesportsdb.com/images/media/event/thumb/ylekmn1718955134.jpg"
"2070108","2025-03-08 17:30:00","Round 28","Brentford","0","Aston Villa","1","https://r2.thesportsdb.com/images/media/event/poster/junstv1718956104.jpg","https://r2.thesportsdb.com/images/media/event/thumb/el6nky1718955133.jpg"
"2070117","2025-03-08 20:00:00","Round 28","Wolves","1","Everton","1","https://r2.thesportsdb.com/images/media/event/poster/x5w0l61689062706.jpg","https://r2.thesportsdb.com/images/media/event/thumb/15nhzj1689062552.jpg"
"2070110","2025-03-09 14:00:00","Round 28","Chelsea","1","Leicester","0","https://r2.thesportsdb.com/images/media/event/poster/kmmbvt1720160922.jpg","https://r2.thesportsdb.com/images/media/event/thumb/bhducf1720159010.jpg"
"2070115","2025-03-09 14:00:00","Round 28","Tottenham","2","Bournemouth","2","https://r2.thesportsdb.com/images/media/event/poster/w1oa7e1689062706.jpg","https://r2.thesportsdb.com/images/media/event/thumb/fkdokj1689062551.jpg"
"2070113","2025-03-09 16:30:00","Round 28","Manchester United","1","Arsenal","1","https://r2.thesportsdb.com/images/media/event/poster/1a3tfx1718956106.jpg","https://r2.thesportsdb.com/images/media/event/thumb/1zp5j21718955135.jpg"
"2070116","2025-03-10 20:00:00","Round 28","West Ham","0","Newcastle","1","https://r2.thesportsdb.com/images/media/event/poster/3upnuc1689062661.jpg","https://r2.thesportsdb.com/images/media/event/thumb/7b4iyb1689062498.jpg"
"2070121","2025-03-15 15:00:00","Round 29","Everton","1","West Ham","1","https://r2.thesportsdb.com/images/media/event/poster/c7opca1689062731.jpg","https://r2.thesportsdb.com/images/media/event/thumb/ppbb8x1689062579.jpg"
"2070123","2025-03-15 15:00:00","Round 29","Ipswich","2","Nottingham Forest","4","https://r2.thesportsdb.com/images/media/event/poster/v4blzu1718956107.jpg","https://r2.thesportsdb.com/images/media/event/thumb/w4p5ya1718955137.jpg"
"2070125","2025-03-15 15:00:00","Round 29","Manchester City","2","Brighton","2","https://r2.thesportsdb.com/images/media/event/poster/hhaxyl1718956108.jpg","https://r2.thesportsdb.com/images/media/event/thumb/45fspy1718955138.jpg"
"2070127","2025-03-15 15:00:00","Round 29","Southampton","1","Wolves","2","https://r2.thesportsdb.com/images/media/event/poster/bhbpbr1718956109.jpg","https://r2.thesportsdb.com/images/media/event/thumb/74j38i1718955139.jpg"
"2070118","2025-03-15 17:30:00","Round 29","Bournemouth","1","Brentford","2","https://r2.thesportsdb.com/images/media/event/poster/uxxxr21689062768.jpg","https://r2.thesportsdb.com/images/media/event/thumb/7j5nh91689062621.jpg"
"2070119","2025-03-16 13:30:00","Round 29","Arsenal","1","Chelsea","0","https://r2.thesportsdb.com/images/media/event/poster/7vasnz1689062738.jpg","https://r2.thesportsdb.com/images/media/event/thumb/wy5re41689062588.jpg"
"2070122","2025-03-16 13:30:00","Round 29","Fulham","2","Tottenham","0","https://r2.thesportsdb.com/images/media/event/poster/v0f4vq1689062740.jpg","https://r2.thesportsdb.com/images/media/event/thumb/edog0t1689062590.jpg"
"2070124","2025-03-16 19:00:00","Round 29","Leicester","0","Manchester United","3","https://r2.thesportsdb.com/images/media/event/poster/74oqoh1720160923.jpg","https://r2.thesportsdb.com/images/media/event/thumb/zyrua51720159010.jpg"
"2070129","2025-04-01 18:45:00","Round 30","Arsenal","2","Fulham","1","https://r2.thesportsdb.com/images/media/event/poster/oeu9vt1689062638.jpg","https://r2.thesportsdb.com/images/media/event/thumb/yee8wc1689062473.jpg"
"2070132","2025-04-01 18:45:00","Round 30","Wolves","1","West Ham","0","https://r2.thesportsdb.com/images/media/event/poster/l8ayz21689062753.jpg","https://r2.thesportsdb.com/images/media/event/thumb/k26qxp1689062604.jpg"
"2070131","2025-04-01 19:00:00","Round 30","Nottingham Forest","1","Manchester United","0","https://r2.thesportsdb.com/images/media/event/poster/7hec6g1718956110.jpg","https://r2.thesportsdb.com/images/media/event/thumb/wa5xie1718955141.jpg"
"2070128","2025-04-02 18:45:00","Round 30","Bournemouth","1","Ipswich","2","https://r2.thesportsdb.com/images/media/event/poster/am2uye1718956109.jpg","https://r2.thesportsdb.com/images/media/event/thumb/472uvy1718955140.jpg"
"2070130","2025-04-02 18:45:00","Round 30","Brighton","0","Aston Villa","3","https://r2.thesportsdb.com/images/media/event/poster/gb18961718956110.jpg","https://r2.thesportsdb.com/images/media/event/thumb/peispv1718955140.jpg"
"2070134","2025-04-02 18:45:00","Round 30","Manchester City","2","Leicester","0","https://r2.thesportsdb.com/images/media/event/poster/3rpz3n1720160923.jpg","https://r2.thesportsdb.com/images/media/event/thumb/yft52l1720159011.jpg"
"2070135","2025-04-02 18:45:00","Round 30","Newcastle","2","Brentford","1","https://r2.thesportsdb.com/images/media/event/poster/7gpyet1689062648.jpg","https://r2.thesportsdb.com/images/media/event/thumb/mk23071689062484.jpg"
"2070136","2025-04-02 18:45:00","Round 30","Southampton","1","Crystal Palace","1","https://r2.thesportsdb.com/images/media/event/poster/0t1rog1718956111.jpg","https://r2.thesportsdb.com/images/media/event/thumb/5ydt0s1718955142.jpg"
"2070137","2025-04-02 19:00:00","Round 30","Liverpool","1","Everton","0","https://r2.thesportsdb.com/images/media/event/poster/r2h0yq1689062663.jpg","https://r2.thesportsdb.com/images/media/event/thumb/ntyd951689062501.jpg"
"2070133","2025-04-03 19:00:00","Round 30","Chelsea","1","Tottenham","0","https://r2.thesportsdb.com/images/media/event/poster/1ktikd1689062728.jpg","https://r2.thesportsdb.com/images/media/event/thumb/96suki1689062576.jpg"
"2070141","2025-04-05 11:30:00","Round 31","Everton","1","Arsenal","1","https://r2.thesportsdb.com/images/media/event/poster/xa4sqs1689062647.jpg","https://r2.thesportsdb.com/images/media/event/thumb/xqxhbz1689062482.jpg"
"2070140","2025-04-05 14:00:00","Round 31","Crystal Palace","2","Brighton","1","https://r2.thesportsdb.com/images/media/event/poster/33n1fb1689062695.jpg","https://r2.thesportsdb.com/images/media/event/thumb/01bd5u1689062540.jpg"
"2070143","2025-04-05 14:00:00","Round 31","Ipswich","1","Wolves","2","https://r2.thesportsdb.com/images/media/event/poster/6wd6j41718956112.jpg","https://r2.thesportsdb.com/images/media/event/thumb/mxl0jr1718955144.jpg"
"2070147","2025-04-05 14:00:00","Round 31","West Ham","2","Bournemouth","2","https://r2.thesportsdb.com/images/media/event/poster/p0ej441689062713.jpg","https://r2.thesportsdb.com/images/media/event/thumb/kxhrgy1689062559.jpg"
"2070138","2025-04-05 16:30:00","Round 31","Aston Villa","2","Nottingham Forest","1","https://r2.thesportsdb.com/images/media/event/poster/e810df1718956112.jpg","https://r2.thesportsdb.com/images/media/event/thumb/eh5zy01718955143.jpg"
"2070139","2025-04-06 13:00:00","Round 31","Brentford","0","Chelsea","0","https://r2.thesportsdb.com/images/media/event/poster/5sk2p21689062730.jpg","https://r2.thesportsdb.com/images/media/event/thumb/cnqivm1689062578.jpg"
"2070142","2025-04-06 13:00:00","Round 31","Fulham","3","Liverpool","2","https://r2.thesportsdb.com/images/media/event/poster/z440sh1689062758.jpg","https://r2.thesportsdb.com/images/media/event/thumb/g60u1u1689062610.jpg"
"2070146","2025-04-06 13:00:00","Round 31","Tottenham","3","Southampton","1","https://r2.thesportsdb.com/images/media/event/poster/khj9011718956114.jpg","https://r2.thesportsdb.com/images/media/event/thumb/nshv2u1718955146.jpg"
"2070145","2025-04-06 15:30:00","Round 31","Manchester United","0","Manchester City","0","https://r2.thesportsdb.com/images/media/event/poster/qdbtkv1718956113.jpg","https://r2.thesportsdb.com/images/media/event/thumb/8o3umx1718955145.jpg"
"2070144","2025-04-07 19:00:00","Round 31","Leicester","0","Newcastle","3","https://r2.thesportsdb.com/images/media/event/poster/pf3tuq1720160924.jpg","https://r2.thesportsdb.com/images/media/event/thumb/65ujyy1720159012.jpg"
"2070153","2025-04-12 11:30:00","Round 32","Manchester City","5","Crystal Palace","2","https://r2.thesportsdb.com/images/media/event/poster/kl5j1o1718956115.jpg","https://r2.thesportsdb.com/images/media/event/thumb/e54ie61718955147.jpg"
"2070150","2025-04-12 14:00:00","Round 32","Brighton","2","Leicester","2","https://r2.thesportsdb.com/images/media/event/poster/qagnfw1720160924.jpg","https://r2.thesportsdb.com/images/media/event/thumb/movbqf1720159013.jpg"
"2070155","2025-04-12 14:00:00","Round 32","Nottingham Forest","0","Everton","1","https://r2.thesportsdb.com/images/media/event/poster/1zrgqi1689062683.jpg","https://r2.thesportsdb.com/images/media/event/thumb/oh3dbz1689062525.jpg"
"2070156","2025-04-12 14:00:00","Round 32","Southampton","0","Aston Villa","3","https://r2.thesportsdb.com/images/media/event/poster/9kucoc1718956116.jpg","https://r2.thesportsdb.com/images/media/event/thumb/lz0kig1718955148.jpg"
"2070149","2025-04-12 16:30:00","Round 32","Arsenal","1","Brentford","1","https://r2.thesportsdb.com/images/media/event/poster/on3qgd1689062734.jpg","https://r2.thesportsdb.com/images/media/event/thumb/uxrlqd1689062583.jpg"
"2070151","2025-04-13 13:00:00","Round 32","Chelsea","2","Ipswich","2","https://r2.thesportsdb.com/images/media/event/poster/71yj7m1718956115.jpg","https://r2.thesportsdb.com/images/media/event/thumb/aju5cq1718955146.jpg"
"2070152","2025-04-13 13:00:00","Round 32","Liverpool","2","West Ham","1","https://r2.thesportsdb.com/images/media/event/poster/aadqm71689062652.jpg","https://r2.thesportsdb.com/images/media/event/thumb/66xzhe1689062488.jpg"
"2070157","2025-04-13 13:00:00","Round 32","Wolves","4","Tottenham","2","https://r2.thesportsdb.com/images/media/event/poster/7p9a1f1689062676.jpg","https://r2.thesportsdb.com/images/media/event/thumb/9kjdbg1689062516.jpg"
"2070154","2025-04-13 15:30:00","Round 32","Newcastle","4","Manchester United","1","https://r2.thesportsdb.com/images/media/event/poster/7kugxj1718956116.jpg","https://r2.thesportsdb.com/images/media/event/thumb/eplqic1718955148.jpg"
"2070148","2025-04-14 19:00:00","Round 32","Bournemouth","1","Fulham","0","https://r2.thesportsdb.com/images/media/event/poster/sg0px91689062699.jpg","https://r2.thesportsdb.com/images/media/event/thumb/e9r0361689062544.jpg"
"2070126","2025-04-16 18:30:00","Round 29","Newcastle","5","Crystal Palace","0","https://r2.thesportsdb.com/images/media/event/poster/kfsdoz1689062664.jpg","https://r2.thesportsdb.com/images/media/event/thumb/o8d6yq1689062502.jpg"
"2070159","2025-04-19 14:00:00","Round 33","Brentford","4","Brighton","2","https://r2.thesportsdb.com/images/media/event/poster/7wllm21689062746.jpg","https://r2.thesportsdb.com/images/media/event/thumb/sa1vf71689062597.jpg"
"2070160","2025-04-19 14:00:00","Round 33","Crystal Palace","0","Bournemouth","0","https://r2.thesportsdb.com/images/media/event/poster/8x4aal1689062687.jpg","https://r2.thesportsdb.com/images/media/event/thumb/sgyncq1689062529.jpg"
"2070161","2025-04-19 14:00:00","Round 33","Everton","0","Manchester City","2","https://r2.thesportsdb.com/images/media/event/poster/4yja201718956117.jpg","https://r2.thesportsdb.com/images/media/event/thumb/1oeasc1718955150.jpg"
"2070167","2025-04-19 14:00:00","Round 33","West Ham","1","Southampton","1","https://r2.thesportsdb.com/images/media/event/poster/61gsaa1718956119.jpg","https://r2.thesportsdb.com/images/media/event/thumb/kdl5of1718955152.jpg"
"2070158","2025-04-19 16:30:00","Round 33","Aston Villa","4","Newcastle","1","https://r2.thesportsdb.com/images/media/event/poster/5e8jg21718956117.jpg","https://r2.thesportsdb.com/images/media/event/thumb/h0kzd41718955149.jpg"
"2070162","2025-04-20 13:00:00","Round 33","Fulham","1","Chelsea","2","https://r2.thesportsdb.com/images/media/event/poster/ixjt431689062655.jpg","https://r2.thesportsdb.com/images/media/event/thumb/y5o8r41689062492.jpg"
"2070163","2025-04-20 13:00:00","Round 33","Ipswich","0","Arsenal","4","https://r2.thesportsdb.com/images/media/event/poster/06x9mo1718956118.jpg","https://r2.thesportsdb.com/images/media/event/thumb/2rx3fd1718955150.jpg"
"2070165","2025-04-20 13:00:00","Round 33","Manchester United","0","Wolves","1","https://r2.thesportsdb.com/images/media/event/poster/2t1j8r1718956119.jpg","https://r2.thesportsdb.com/images/media/event/thumb/dt7uo61718955152.jpg"
"2070164","2025-04-20 15:30:00","Round 33","Leicester","0","Liverpool","1","https://r2.thesportsdb.com/images/media/event/poster/imk30c1720160925.jpg","https://r2.thesportsdb.com/images/media/event/thumb/2sh8az1720159013.jpg"
"2070166","2025-04-21 19:00:00","Round 33","Tottenham","1","Nottingham Forest","2","https://r2.thesportsdb.com/images/media/event/poster/6ba5s81689062752.jpg","https://r2.thesportsdb.com/images/media/event/thumb/lki8mf1689062603.jpg"
"2070173","2025-04-22 19:00:00","Round 34","Manchester City","2","Aston Villa","1","https://r2.thesportsdb.com/images/media/event/poster/q2izkl1718956120.jpg","https://r2.thesportsdb.com/images/media/event/thumb/4ro0dx1718955154.jpg"
"2070169","2025-04-23 19:00:00","Round 34","Arsenal","2","Crystal Palace","2","https://r2.thesportsdb.com/images/media/event/poster/3ar82f1689062707.jpg","https://r2.thesportsdb.com/images/media/event/thumb/2gon5d1689062553.jpg"
"2070171","2025-04-26 11:30:00","Round 34","Chelsea","1","Everton","0","https://r2.thesportsdb.com/images/media/event/poster/du6c6h1689062755.jpg","https://r2.thesportsdb.com/images/media/event/thumb/bwaey51689062606.jpg"
"2070170","2025-04-26 14:00:00","Round 34","Brighton","3","West Ham","2","https://r2.thesportsdb.com/images/media/event/poster/2b4men1689062639.jpg","https://r2.thesportsdb.com/images/media/event/thumb/c323aw1689062474.jpg"
"2070174","2025-04-26 14:00:00","Round 34","Newcastle","3","Ipswich","0","https://r2.thesportsdb.com/images/media/event/poster/i9uw5d1718956121.jpg","https://r2.thesportsdb.com/images/media/event/thumb/fswjuu1718955154.jpg"
"2070176","2025-04-26 14:00:00","Round 34","Southampton","1","Fulham","2","https://r2.thesportsdb.com/images/media/event/poster/z1dcq41718956121.jpg","https://r2.thesportsdb.com/images/media/event/thumb/oy9s0m1718955155.jpg"
"2070177","2025-04-26 14:00:00","Round 34","Wolves","3","Leicester","0","https://r2.thesportsdb.com/images/media/event/poster/mmq9nl1720160925.jpg","https://r2.thesportsdb.com/images/media/event/thumb/nsgf7q1720159014.jpg"
"2070168","2025-04-27 13:00:00","Round 34","Bournemouth","1","Manchester United","1","https://r2.thesportsdb.com/images/media/event/poster/vuwdy31718956120.jpg","https://r2.thesportsdb.com/images/media/event/thumb/nsiwkz1718955153.jpg"
"2070172","2025-04-27 15:30:00","Round 34","Liverpool","5","Tottenham","1","https://r2.thesportsdb.com/images/media/event/poster/s6i95o1689062767.jpg","https://r2.thesportsdb.com/images/media/event/thumb/l6bler1689062620.jpg"
"2070175","2025-05-01 18:30:00","Round 34","Nottingham Forest","0","Brentford","2","https://r2.thesportsdb.com/images/media/event/poster/nrlyba1689062656.jpg","https://r2.thesportsdb.com/images/media/event/thumb/e5derq1689062493.jpg"
"2070186","2025-05-02 19:00:00","Round 35","Manchester City","1","Wolves","0","https://r2.thesportsdb.com/images/media/event/poster/78po971718956124.jpg","https://r2.thesportsdb.com/images/media/event/thumb/nkjsxd1718955158.jpg"
"2070179","2025-05-03 11:30:00","Round 35","Aston Villa","1","Fulham","0","https://r2.thesportsdb.com/images/media/event/poster/2opext1718956122.jpg","https://r2.thesportsdb.com/images/media/event/thumb/8ujowc1718955156.jpg"
"2070184","2025-05-03 14:00:00","Round 35","Everton","2","Ipswich","2","https://r2.thesportsdb.com/images/media/event/poster/floe3s1718956123.jpg","https://r2.thesportsdb.com/images/media/event/thumb/jkn1h01718955157.jpg"
"2070185","2025-05-03 14:00:00","Round 35","Leicester","2","Southampton","0","https://r2.thesportsdb.com/images/media/event/poster/533uj71720160926.jpg","https://r2.thesportsdb.com/images/media/event/thumb/tnq65v1720159015.jpg"
"2070178","2025-05-03 16:30:00","Round 35","Arsenal","1","Bournemouth","2","https://r2.thesportsdb.com/images/media/event/poster/18ucdk1689062765.jpg","https://r2.thesportsdb.com/images/media/event/thumb/sdbn061689062618.jpg"
"2070180","2025-05-04 13:00:00","Round 35","Brentford","4","Manchester United","3","https://r2.thesportsdb.com/images/media/event/poster/egu4ns1718956122.jpg","https://r2.thesportsdb.com/images/media/event/thumb/w7qllq1718955156.jpg"
"2070181","2025-05-04 13:00:00","Round 35","Brighton","1","Newcastle","1","https://r2.thesportsdb.com/images/media/event/poster/ivup4x1689062643.jpg","https://r2.thesportsdb.com/images/media/event/thumb/94vamk1689062478.jpg"
"2070187","2025-05-04 13:00:00","Round 35","West Ham","1","Tottenham","1","https://r2.thesportsdb.com/images/media/event/poster/ka7whe1689062747.jpg","https://r2.thesportsdb.com/images/media/event/thumb/qct1ag1689062598.jpg"
"2070182","2025-05-04 15:30:00","Round 35","Chelsea","3","Liverpool","1","https://r2.thesportsdb.com/images/media/event/poster/vl9s6v1689062633.jpg","https://r2.thesportsdb.com/images/media/event/thumb/pqtrgs1689062467.jpg"
"2070183","2025-05-05 19:00:00","Round 35","Crystal Palace","1","Nottingham Forest","1","https://r2.thesportsdb.com/images/media/event/poster/4utkqr1689062659.jpg","https://r2.thesportsdb.com/images/media/event/thumb/mpylud1689062496.jpg"
"2070189","2025-05-10 14:00:00","Round 36","Fulham","1","Everton","3","https://r2.thesportsdb.com/images/media/event/poster/qss7gi1689062711.jpg","https://r2.thesportsdb.com/images/media/event/thumb/34vciu1689062557.jpg"
"2070190","2025-05-10 14:00:00","Round 36","Ipswich","0","Brentford","1","https://r2.thesportsdb.com/images/media/event/poster/cfy4m41718956125.jpg","https://r2.thesportsdb.com/images/media/event/thumb/w4d3s61718955160.jpg"
"2070195","2025-05-10 14:00:00","Round 36","Southampton","0","Manchester City","0","https://r2.thesportsdb.com/images/media/event/poster/qreb2u1718956126.jpg","https://r2.thesportsdb.com/images/media/event/thumb/bzqjdn1718955161.jpg"
"2070197","2025-05-10 14:00:00","Round 36","Wolves","0","Brighton","2","https://r2.thesportsdb.com/images/media/event/poster/ya1z271689062638.jpg","https://r2.thesportsdb.com/images/media/event/thumb/eggs0i1689062472.jpg"
"2070188","2025-05-10 16:30:00","Round 36","Bournemouth","0","Aston Villa","1","https://r2.thesportsdb.com/images/media/event/poster/wlcwiv1718956124.jpg","https://r2.thesportsdb.com/images/media/event/thumb/8cg9o51718955159.jpg"
"2070193","2025-05-11 11:00:00","Round 36","Newcastle","2","Chelsea","0","https://r2.thesportsdb.com/images/media/event/poster/l92ll61689062678.jpg","https://r2.thesportsdb.com/images/media/event/thumb/wcd3ex1689062519.jpg"
"2070192","2025-05-11 13:15:00","Round 36","Manchester United","0","West Ham","2","https://r2.thesportsdb.com/images/media/event/poster/bnjfmh1718956125.jpg","https://r2.thesportsdb.com/images/media/event/thumb/r1z0sz1718955160.jpg"
"2070194","2025-05-11 13:15:00","Round 36","Nottingham Forest","2","Leicester","2","https://r2.thesportsdb.com/images/media/event/poster/84zmtv1720160927.jpg","https://r2.thesportsdb.com/images/media/event/thumb/fblsgv1720159015.jpg"
"2070196","2025-05-11 13:15:00","Round 36","Tottenham","0","Crystal Palace","2","https://r2.thesportsdb.com/images/media/event/poster/p91hfl1689062734.jpg","https://r2.thesportsdb.com/images/media/event/thumb/evm6m01689062583.jpg"
"2070191","2025-05-11 15:30:00","Round 36","Liverpool","2","Arsenal","2","https://r2.thesportsdb.com/images/media/event/poster/5qyrq01689062696.jpg","https://r2.thesportsdb.com/images/media/event/thumb/xfcngk1689062540.jpg"
"2070199","2025-05-16 18:30:00","Round 37","Aston Villa","2","Tottenham","0","https://r2.thesportsdb.com/images/media/event/poster/5sdfcs1718956127.jpg","https://r2.thesportsdb.com/images/media/event/thumb/96yzkb1718955161.jpg"
"2070202","2025-05-16 19:15:00","Round 37","Chelsea","1","Manchester United","0","https://r2.thesportsdb.com/images/media/event/poster/a9tibm1718956127.jpg","https://r2.thesportsdb.com/images/media/event/thumb/b7kar51718955162.jpg"
"2070204","2025-05-18 11:00:00","Round 37","Everton","2","Southampton","0","https://r2.thesportsdb.com/images/media/event/poster/tsh6vn1718956128.jpg","https://r2.thesportsdb.com/images/media/event/thumb/kgx8s01718955163.jpg"
"2070207","2025-05-18 13:15:00","Round 37","West Ham","1","Nottingham Forest","2","https://r2.thesportsdb.com/images/media/event/poster/4dkfi61689062676.jpg","https://r2.thesportsdb.com/images/media/event/thumb/5j94rd1689062516.jpg"
"2070200","2025-05-18 14:00:00","Round 37","Brentford","2","Fulham","3","https://r2.thesportsdb.com/images/media/event/poster/dcew8y1689062765.jpg","https://r2.thesportsdb.com/images/media/event/thumb/wbucag1689062618.jpg"
"2070205","2025-05-18 14:00:00","Round 37","Leicester","2","Ipswich","0","https://r2.thesportsdb.com/images/media/event/poster/fmr0xs1720160927.jpg","https://r2.thesportsdb.com/images/media/event/thumb/8vd8o61720159016.jpg"
"2070198","2025-05-18 15:30:00","Round 37","Arsenal","1","Newcastle","0","https://r2.thesportsdb.com/images/media/event/poster/odd1lt1689062727.jpg","https://r2.thesportsdb.com/images/media/event/thumb/4ojapa1689062575.jpg"
"2070201","2025-05-19 19:00:00","Round 37","Brighton","3","Liverpool","2","https://r2.thesportsdb.com/images/media/event/poster/cahzpa1689062658.jpg","https://r2.thesportsdb.com/images/media/event/thumb/zwmpth1689062495.jpg"
"2070203","2025-05-20 19:00:00","Round 37","Crystal Palace","4","Wolves","2","https://r2.thesportsdb.com/images/media/event/poster/rj6pmo1689062644.jpg","https://r2.thesportsdb.com/images/media/event/thumb/v2ckqc1689062479.jpg"
"2070206","2025-05-20 19:00:00","Round 37","Manchester City","3","Bournemouth","1","https://r2.thesportsdb.com/images/media/event/poster/t2sl961718956129.jpg","https://r2.thesportsdb.com/images/media/event/thumb/s7qr421718955164.jpg"
"2070208","2025-05-25 15:00:00","Round 38","Bournemouth","2","Leicester","0","https://r2.thesportsdb.com/images/media/event/poster/wcymfo1720160927.jpg","https://r2.thesportsdb.com/images/media/event/thumb/7dj9501720159017.jpg"
"2070209","2025-05-25 15:00:00","Round 38","Fulham","0","Manchester City","2","https://r2.thesportsdb.com/images/media/event/poster/u4ghg01718956129.jpg","https://r2.thesportsdb.com/images/media/event/thumb/u18l4o1718955164.jpg"
"2070210","2025-05-25 15:00:00","Round 38","Ipswich","1","West Ham","3","https://r2.thesportsdb.com/images/media/event/poster/u6k0cp1718956130.jpg","https://r2.thesportsdb.com/images/media/event/thumb/40t1gy1718955165.jpg"
"2070211","2025-05-25 15:00:00","Round 38","Liverpool","1","Crystal Palace","1","https://r2.thesportsdb.com/images/media/event/poster/0bqt4u1689062755.jpg","https://r2.thesportsdb.com/images/media/event/thumb/zc5b1c1689062606.jpg"
"2070212","2025-05-25 15:00:00","Round 38","Manchester United","2","Aston Villa","0","https://r2.thesportsdb.com/images/media/event/poster/1iom6s1718956130.jpg","https://r2.thesportsdb.com/images/media/event/thumb/zkzdh31718955166.jpg"
"2070213","2025-05-25 15:00:00","Round 38","Newcastle","0","Everton","1","https://r2.thesportsdb.com/images/media/event/poster/9zgad01689062748.jpg","https://r2.thesportsdb.com/images/media/event/thumb/1bid8a1689062599.jpg"
"2070214","2025-05-25 15:00:00","Round 38","Nottingham Forest","0","Chelsea","1","https://r2.thesportsdb.com/images/media/event/poster/rcb10v1689062771.jpg","https://r2.thesportsdb.com/images/media/event/thumb/xh0wv91689062624.jpg"
"2070215","2025-05-25 15:00:00","Round 38","Southampton","1","Arsenal","2","https://r2.thesportsdb.com/images/media/event/poster/7fql6r1718956131.jpg","https://r2.thesportsdb.com/images/media/event/thumb/4jkbn41718955167.jpg"
"2070216","2025-05-25 15:00:00","Round 38","Tottenham","1","Brighton","4","https://r2.thesportsdb.com/images/media/event/poster/ct1fhe1689062721.jpg","https://r2.thesportsdb.com/images/media/event/thumb/l769ix1689062569.jpg"
"2070217","2025-05-25 15:00:00","Round 38","Wolves","1","Brentford","1","https://r2.thesportsdb.com/images/media/event/poster/v1y48z1689062722.jpg","https://r2.thesportsdb.com/images/media/event/thumb/61e0921689062569.jpg"
