Team Name,Venue Location,City
Arsenal,Emirates Stadium,"Holloway, London, England"
Aston Villa,Villa Park,"Aston, Birmingham"
Bournemouth,Vitality Stadium,"AFCB, Bournemouth, England"
Brentford,Brentford Community Stadium,"Brentford, London, England"
Brighton and Hove Albion,American Express Stadium,"Falmer, Brighton, East Sussex, England"
Chelsea,Stamford Bridge,"Fulham, London"
Coventry City,The Coventry Building Society Arena,"Coventry, England"
Crystal Palace,Selhurst Park,"South Norwood, London"
Everton,Hill Dickinson Stadium,"Walton, Liverpool"
Fulham,Craven Cottage,"Fulham, London, England"
Leeds United,Elland Road,"Beeston, Leeds, England"
Liverpool,Anfield,"Anfield, Liverpool"
Manchester City,Etihad Stadium,"Etihad Campus, Manchester"
Manchester United,Old Trafford,"Trafford, Greater Manchester"
Hull City,The MKM Stadium,"Kingston upon Hull, England"
Ipswich Town,Portman Road,"Ipswich, England"
Newcastle United,St James Park,Newcastle upon Tyne
Tottenham Hotspur,Tottenham Hotspur Stadium,"Bill Nicholson Way, Tottenham, London"
Nottingham Forest,Nottingham Arena,Nottingham
Sunderland,Stadium of Light,"Sunderland, Tyne and Wear"
Arsenal,Emirates Stadium,Unknown
